full_name,date_of_birth,time_of_birth,place_of_birth,astrosage_url,accuracy_rating,data_source
Salman Khan-1,"December 27, 1965",09:30:00,Mumbai,https://www.astrosage.com/celebrity-horoscope/salman-khan-1-horoscope.asp,Reference,765 Notable Horoscopes
Virat Kohli,"November 05, 1988",10:28:00,Delhi,https://www.astrosage.com/celebrity-horoscope/virat-kohli-horoscope.asp,Dirty Data,Unknown
About Mohit Sharma/ Who is Mohit Sharma ?,"December 19, 1991",12:00:00,Delhi,https://www.astrosage.com/celebrity-horoscope/mohit-sharma-horoscope.asp,Dirty Data,Dirty Data
About Akshar Patel/ Who is Akshar Patel ?,"January 20, 1994",12:00:00,Anand,https://www.astrosage.com/celebrity-horoscope/akshar-patel-horoscope.asp,Dirty Data,Dirty Data
About Virendar Sehwag/ Who is Virendar Sehwag ?,"October 20, 1978",02:45:00,Delhi,https://www.astrosage.com/celebrity-horoscope/virendar-sehwag-horoscope.asp,Dirty Data,Dirty Data
About Ripal Patel/ Who is Ripal Patel ?,"September 28, 1995",12:00:00,Nadiad,https://www.astrosage.com/celebrity-horoscope/ripal-patel-horoscope.asp,Dirty Data,Dirty Data
About Vishnu Vinod/ Who is Vishnu Vinod ?,"December 2, 1993",12:00:00,Thirumangalam,https://www.astrosage.com/celebrity-horoscope/vishnu-vinod-horoscope.asp,Dirty Data,Dirty Data
About Lukman Meriwala/ Who is Lukman Meriwala ?,"December 11, 1991",12:00:00,Vadodara,https://www.astrosage.com/celebrity-horoscope/lukman-meriwala-horoscope.asp,Dirty Data,Dirty Data
About Tom Curran/ Who is Tom Curran ?,"March 12, 1995",12:00:00,Cape Town,https://www.astrosage.com/celebrity-horoscope/tom-curran-horoscope.asp,Dirty Data,Dirty Data
About Tushar Deshpande/ Who is Tushar Deshpande ?,"May 15, 1995",12:00:00,Mumbai,https://www.astrosage.com/celebrity-horoscope/tushar-deshpande-horoscope.asp,Dirty Data,Dirty Data
About Alex Carey/ Who is Alex Carey ?,"August 27, 1991",12:00:00,loxton,https://www.astrosage.com/celebrity-horoscope/alex-carey-horoscope.asp,Dirty Data,Dirty Data
About Praveen Dubey/ Who is Praveen Dubey ?,"July 1, 1993",12:00:00,Azamgarh,https://www.astrosage.com/celebrity-horoscope/praveen-dubey-horoscope.asp,Dirty Data,Dirty Data
About Lalith Yadav/ Who is Lalith Yadav ?,"January 3, 1997",12:00:00,Delhi,https://www.astrosage.com/celebrity-horoscope/lalith-yadav-horoscope.asp,Dirty Data,Dirty Data
About Jagadeesha Suchith/ Who is Jagadeesha Suchith ?,"January 16, 1994",12:00:00,Mysore,https://www.astrosage.com/celebrity-horoscope/jagadeesha-suchith-horoscope.asp,Dirty Data,Dirty Data
About Sanjay Yadav/ Who is Sanjay Yadav ?,"May 10, 1995",12:00:00,Gorakhpur,https://www.astrosage.com/celebrity-horoscope/sanjay-yadav-horoscope.asp,Dirty Data,Dirty Data
About Fabian Allen/ Who is Fabian Allen ?,"May 7, 1995",12:00:00,Kingston,https://www.astrosage.com/celebrity-horoscope/fabian-allen-horoscope.asp,Dirty Data,Dirty Data
About Sandeep Bavanaka/ Who is Sandeep Bavanaka ?,"April 25, 1992",12:00:00,Hyderabad,https://www.astrosage.com/celebrity-horoscope/sandeep-bavanaka-horoscope.asp,Dirty Data,Dirty Data
About Abdul Samad/ Who is Abdul Samad ?,"October 28, 2001",12:00:00,Kalakote,https://www.astrosage.com/celebrity-horoscope/abdul-samad-horoscope.asp,Dirty Data,Dirty Data
About Priyam Garg/ Who is Priyam Garg ?,"November 30, 2000",12:00:00,Meerut,https://www.astrosage.com/celebrity-horoscope/priyam-garg-horoscope.asp,Dirty Data,Dirty Data
About Virat Singh/ Who is Virat Singh ?,"December 8, 1997",12:00:00,Jamshedpur,https://www.astrosage.com/celebrity-horoscope/virat-singh-horoscope.asp,Dirty Data,Dirty Data
About Finn Allen/ Who is Finn Allen ?,"April 22, 1999",12:00:00,Auckland,https://www.astrosage.com/celebrity-horoscope/finn-allen-horoscope.asp,Dirty Data,Dirty Data
About Dan Christian/ Who is Dan Christian ?,"May 4, 1983",12:00:00,camperdown,https://www.astrosage.com/celebrity-horoscope/dan-christian-horoscope.asp,Dirty Data,Dirty Data
About Rajat Patidar/ Who is Rajat Patidar ?,"June 1, 1993",12:00:00,Indore,https://www.astrosage.com/celebrity-horoscope/rajat-patidar-horoscope.asp,Dirty Data,Dirty Data
About Ks Bharat/ Who is Ks Bharat ?,"October 3, 1993",12:00:00,Vishakhapatnam,https://www.astrosage.com/celebrity-horoscope/ks-bharat-horoscope.asp,Dirty Data,Dirty Data
About Kyle Jamieson/ Who is Kyle Jamieson ?,"December 30, 1994",12:00:00,Auckland,https://www.astrosage.com/celebrity-horoscope/kyle-jamieson-horoscope.asp,Dirty Data,Dirty Data
About Mohammed Azharuddeen/ Who is Mohammed Azharuddeen ?,"March 22, 1994",12:00:00,Thalangara,https://www.astrosage.com/celebrity-horoscope/mohammed-azharuddeen-horoscope.asp,Dirty Data,Dirty Data
About Isuru Udana/ Who is Isuru Udana ?,"Febuary 17, 1988",12:00:00,balangoda,https://www.astrosage.com/celebrity-horoscope/isuru-udana-horoscope.asp,Dirty Data,Dirty Data
About Daniel Sams/ Who is Daniel Sams ?,"October 27, 1992",12:00:00,Milperra,https://www.astrosage.com/celebrity-horoscope/daniel-sams-horoscope.asp,Dirty Data,Dirty Data
About Shahbaz Ahmed/ Who is Shahbaz Ahmed ?,"December 12, 1994",12:00:00,mewat,https://www.astrosage.com/celebrity-horoscope/shahbaz-ahmed-horoscope.asp,Dirty Data,Dirty Data
About Josh Philippe/ Who is Josh Philippe ?,"June 1, 1997",12:00:00,Subiaco,https://www.astrosage.com/celebrity-horoscope/josh-philippe-horoscope.asp,Dirty Data,Dirty Data
About Saurabh Kumar/ Who is Saurabh Kumar ?,"May 1, 1993",12:00:00,Baghpat,https://www.astrosage.com/celebrity-horoscope/saurabh-kumar-horoscope.asp,Dirty Data,Dirty Data
About Utkarsh Singh/ Who is Utkarsh Singh ?,"May 7, 1998",12:00:00,Ranchi,https://www.astrosage.com/celebrity-horoscope/utkarsh-singh-horoscope.asp,Dirty Data,Dirty Data
About Riley Meredith/ Who is Riley Meredith ?,"June 21, 1996",12:00:00,Hobart,https://www.astrosage.com/celebrity-horoscope/riley-meredith-horoscope.asp,Dirty Data,Dirty Data
About Jhye Richardson/ Who is Jhye Richardson ?,"September 20, 1996",12:00:00,murdoch,https://www.astrosage.com/celebrity-horoscope/jhye-richardson-horoscope.asp,Dirty Data,Dirty Data
About Dawid Malan/ Who is Dawid Malan ?,"September 3, 1987",12:00:00,London,https://www.astrosage.com/celebrity-horoscope/dawid-malan-horoscope.asp,Dirty Data,Dirty Data
About Sheldon Cottrell/ Who is Sheldon Cottrell ?,"August 19, 1989",12:00:00,jamaica,https://www.astrosage.com/celebrity-horoscope/sheldon-cottrell-horoscope.asp,Dirty Data,Dirty Data
About Ravi Bishnoi/ Who is Ravi Bishnoi ?,"September 5, 2000",12:00:00,Jodhpur,https://www.astrosage.com/celebrity-horoscope/ravi-bishnoi-horoscope.asp,Dirty Data,Dirty Data
About Ishan Porel/ Who is Ishan Porel ?,"September 5, 1998",12:00:00,Chinsura,https://www.astrosage.com/celebrity-horoscope/ishan-porel-horoscope.asp,Dirty Data,Dirty Data
About Venkatesh Iyer/ Who is Venkatesh Iyer ?,"December 25, 1994",12:00:00,Indore,https://www.astrosage.com/celebrity-horoscope/venkatesh-iyer-horoscope.asp,Dirty Data,Dirty Data
About Tom Banton/ Who is Tom Banton ?,"November 11, 1998",12:00:00,Chiltern Hills,https://www.astrosage.com/celebrity-horoscope/tom-banton-horoscope.asp,Dirty Data,Dirty Data
About Chris Green/ Who is Chris Green ?,"October 1, 1993",12:00:00,Durban,https://www.astrosage.com/celebrity-horoscope/chris-green-horoscope.asp,Dirty Data,Dirty Data
About Tim Seifert/ Who is Tim Seifert ?,"December 12, 1994",12:00:00,Whangarei,https://www.astrosage.com/celebrity-horoscope/tim-seifert-horoscope.asp,Dirty Data,Dirty Data
About Kc Cariappa/ Who is Kc Cariappa ?,"April 13, 1994",12:00:00,Bangalore,https://www.astrosage.com/celebrity-horoscope/kc-cariappa-horoscope.asp,Dirty Data,Dirty Data
About Chetan Sakariya/ Who is Chetan Sakariya ?,"August 12, 1998",12:00:00,Bhavnagar,https://www.astrosage.com/celebrity-horoscope/chetan-sakariya-horoscope.asp,Dirty Data,Dirty Data
About Akash Singh/ Who is Akash Singh ?,"April 26, 2002",12:00:00,Bharatpur,https://www.astrosage.com/celebrity-horoscope/akash-singh-horoscope.asp,Dirty Data,Dirty Data
About Kuldip Yadav/ Who is Kuldip Yadav ?,"December 14, 1994",12:00:00,Kanpur,https://www.astrosage.com/celebrity-horoscope/kuldip-yadav-horoscope.asp,Dirty Data,Dirty Data
About Kartik Tyagi/ Who is Kartik Tyagi ?,"November 8, 2000",12:00:00,Hapur,https://www.astrosage.com/celebrity-horoscope/kartik-tyagi-horoscope.asp,Dirty Data,Dirty Data
About Anuj Rawat/ Who is Anuj Rawat ?,"October 17, 1999",12:00:00,Ramnagar,https://www.astrosage.com/celebrity-horoscope/anuj-rawat-horoscope.asp,Dirty Data,Dirty Data
About Yashasvi Jaiswal/ Who is Yashasvi Jaiswal ?,"December 28, 2001",12:00:00,Surianwan,https://www.astrosage.com/celebrity-horoscope/yashasvi-jaiswal-horoscope.asp,Dirty Data,Dirty Data
About Arjun Tendulkar/ Who is Arjun Tendulkar ?,"September 24, 1999",12:00:00,Mumbai,https://www.astrosage.com/celebrity-horoscope/arjun-tendulkar-horoscope.asp,Dirty Data,Dirty Data
About Yudhvir Charak/ Who is Yudhvir Charak ?,"December 13, 1997",12:00:00,Jammu,https://www.astrosage.com/celebrity-horoscope/yudhvir-charak-horoscope.asp,Dirty Data,Dirty Data
About Marco Jansen/ Who is Marco Jansen ?,"May 1, 2000",12:00:00,klerksdorp,https://www.astrosage.com/celebrity-horoscope/marco-jansen-horoscope.asp,Dirty Data,Dirty Data
About Digvijay Deshmukh/ Who is Digvijay Deshmukh ?,"April 12, 1998",12:00:00,Ambajogai,https://www.astrosage.com/celebrity-horoscope/digvijay-deshmukh-horoscope.asp,Dirty Data,Dirty Data
About Prince Balwant Rai Singh/ Who is Prince Balwant Rai Singh ?,"May 5, 1999",12:00:00,Sangrur,https://www.astrosage.com/celebrity-horoscope/prince-balwant-rai-singh-horoscope.asp,Dirty Data,Dirty Data
About Harishankar Reddy/ Who is Harishankar Reddy ?,"June 2, 1998",12:00:00,Rayachoti,https://www.astrosage.com/celebrity-horoscope/harishankar-reddy-horoscope.asp,Dirty Data,Dirty Data
About Bhagath Varma/ Who is Bhagath Varma ?,"September 21, 1998",12:00:00,Chennai,https://www.astrosage.com/celebrity-horoscope/bhagath-varma-horoscope.asp,Dirty Data,Dirty Data
About C Hari Nishanth/ Who is C Hari Nishanth ?,"August 16, 1996",13:00:00,Chennai,https://www.astrosage.com/celebrity-horoscope/c-hari-nishanth-horoscope.asp,Dirty Data,Dirty Data
About R Sai Kishore/ Who is R Sai Kishore ?,"November 6, 1996",12:00:00,Chennai,https://www.astrosage.com/celebrity-horoscope/r-sai-kishore-horoscope.asp,Dirty Data,Dirty Data
About Imran Khan/ Who is Imran Khan ?,"October 5, 1952",06:45:00,Lahore,https://www.astrosage.com/celebrity-horoscope/imran-khan-horoscope.asp,Reference,Astrology of Professions (Pathak)
Yograj Singh,"March 25, 1958",12:00:00,Ludhiana,https://www.astrosage.com/celebrity-horoscope/yograj-singh-horoscope.asp,Dirty Data,Dirty Data
Sachin Tendulkar,"April 24, 1973",14:25:00,Mumbai,https://www.astrosage.com/celebrity-horoscope/sachin-tendulkar-horoscope.asp,Reference,Astrology of Professions (Pathak)
M S Dhoni,"July 07, 1981",11:15:00,Ranchi,https://www.astrosage.com/celebrity-horoscope/m-s-dhoni-horoscope.asp,Reference,765 Notable Horoscopes
Doug Bollinger,"July 24, 1981",12:00:00,Baulkham Hills,https://www.astrosage.com/celebrity-horoscope/doug-bollinger-horoscope.asp,Dirty Data,Unknown
Neil Broom,"November 20, 1983",00:00:00,Christchurch,https://www.astrosage.com/celebrity-horoscope/neil-broom-horoscope.asp,Reference,Web
About Pv Sindhu/ Who is Pv Sindhu ?,"July 5, 1995",12:00:00,Hyderabad,https://www.astrosage.com/celebrity-horoscope/pv-sindhu-horoscope.asp,Dirty Data,Dirty Data
Akanksha Singh,"July 30, 1990",12:00:00,Varanasi,https://www.astrosage.com/celebrity-horoscope/akanksha-singh-horoscope.asp,Dirty Data,Unknown
Dhyan Chand,"August 29, 1905",02:00:00,Allahabad,https://www.astrosage.com/celebrity-horoscope/dhyan-chand-horoscope.asp,Reference,Astrology of Professions (Pathak)
Manoj Kumar Boxer,"December 10, 1986",12:00:00,Kaithal,https://www.astrosage.com/celebrity-horoscope/manoj-kumar-boxer-horoscope.asp,Dirty Data,Dirty Data
Doug Smith,"June 21, 1944",12:09:59,"79 W 23, 43 N 39",https://www.astrosage.com/celebrity-horoscope/doug-smith-horoscope.asp,Reference,Internet
Vikram Pillay,"November 27, 1981",12:00:00,Khadki,https://www.astrosage.com/celebrity-horoscope/vikram-pillay-horoscope.asp,Dirty Data,Unknown
Parupalli Kashyap,"September 08, 1986",12:00:00,Hyderabad,https://www.astrosage.com/celebrity-horoscope/parupalli-kashyap-horoscope.asp,Dirty Data,Dirty Data
Diego Maradona,"October 30, 1960",07:05:00,Buenos Aires,https://www.astrosage.com/celebrity-horoscope/diego-maradona-horoscope.asp,Reference,Reference
Neymar,"February 05, 1992",02:15:00,Mogi das Cruzes,https://www.astrosage.com/celebrity-horoscope/neymar-horoscope.asp,Reference,Reference
Heena Sidhu,"August 29, 1989",12:00:00,Ludhiana,https://www.astrosage.com/celebrity-horoscope/heena-sidhu-horoscope.asp,Dirty Data,Dirty Data
Ishant Sharma,"September 02, 1988",12:00:00,Delhi,https://www.astrosage.com/celebrity-horoscope/ishant-sharma-horoscope.asp,Dirty Data,Unknown
R Ashwin,"September 17, 1986",12:00:00,Madras Tamilnadu,https://www.astrosage.com/celebrity-horoscope/r-ashwin-horoscope.asp,Dirty Data,Unknown
V V S Laxman,"November 01, 1974",10:26:23,Hyderabad,https://www.astrosage.com/celebrity-horoscope/v-v-s-laxman-horoscope.asp,Dirty Data,Unknown
Gautam Gambhir,"October 14, 1981",12:00:00,Delhi,https://www.astrosage.com/celebrity-horoscope/gautam-gambhir-horoscope.asp,Dirty Data,Unknown
Zaheer Khan,"October 07, 1978",12:00:00,Shrirampur,https://www.astrosage.com/celebrity-horoscope/zaheer-khan-horoscope.asp,Dirty Data,Unknown
Rahul Dravid,"January 11, 1973",10:58:00,Indore,https://www.astrosage.com/celebrity-horoscope/rahul-dravid-horoscope.asp,Reference,765 Notable Horoscopes
Sourav Ganguly-1,"July 08, 1972",05:45:00,Calcutta,https://www.astrosage.com/celebrity-horoscope/sourav-ganguly-1-horoscope.asp,Reference,765 Notable Horoscopes
Sourav Ganguly,"July 08, 1972",01:00:00,kolkata(india),https://www.astrosage.com/celebrity-horoscope/sourav-ganguly-horoscope.asp,Reference,Lagna Phal (Garg)
Virender Sehwag,"October 20, 1978",02:45:00,Delhi,https://www.astrosage.com/celebrity-horoscope/virender-sehwag-horoscope.asp,Reference,Finance And Profession (Raj Kumar)
Manandeep Singh,"November 03, 1992",12:00:00,Umra,https://www.astrosage.com/celebrity-horoscope/manandeep-singh-horoscope.asp,Dirty Data,Unknown
Jim Jackson,"October 14, 1970",10:25:59,"83 W 32, 41 N 39",https://www.astrosage.com/celebrity-horoscope/jim-jackson-horoscope.asp,Dirty Data,Unknown
Mehtab Hossain,"October 13, 1982",12:00:00,Calcutta,https://www.astrosage.com/celebrity-horoscope/mehtab-hossain-horoscope.asp,Dirty Data,Unknown
Peter Judge,"October 10, 1959",09:53:59,"71 W 4, 42 N 21",https://www.astrosage.com/celebrity-horoscope/peter-judge-horoscope.asp,Reference,Internet
Robin Roberts,"September 30, 1926",11:44:59,"89 W 39, 39 N 47",https://www.astrosage.com/celebrity-horoscope/robin-roberts-horoscope.asp,Reference,Internet
Red Smith,"September 25, 1905",06:15:00,"88 W 1, 44 N 29",https://www.astrosage.com/celebrity-horoscope/red-smith-horoscope.asp,Reference,Internet
Raju Gaikwad,"September 25, 1990",12:00:00,Mumbai,https://www.astrosage.com/celebrity-horoscope/raju-gaikwad-horoscope.asp,Dirty Data,Unknown
Brian Hill,"September 19, 1947",04:08:59,"74 W 9, 40 N 43",https://www.astrosage.com/celebrity-horoscope/brian-hill-horoscope.asp,Reference,Internet
Lance Armstrong,"September 18, 1971",12:00:00,Plano,https://www.astrosage.com/celebrity-horoscope/lance-armstrong-horoscope.asp,Dirty Data,Unknown
Phil Jackson,"September 17, 1945",17:39:59,"112 W 43, 46 N 22",https://www.astrosage.com/celebrity-horoscope/phil-jackson-horoscope.asp,Reference,Internet
Kelly Marie Miller,"September 16, 1978",07:40:00,"92 W 28, 44 N 0",https://www.astrosage.com/celebrity-horoscope/kelly-marie-miller-horoscope.asp,Dirty Data,Unknown
Eric Abidal,"September 11, 1979",18:25:00,Lyons,https://www.astrosage.com/celebrity-horoscope/eric-abidal-horoscope.asp,Reference,Internet
Joachim Low,"February 03, 1960",12:45:00,Schwarzwald,https://www.astrosage.com/celebrity-horoscope/joachim-low-horoscope.asp,Reference,Reference
Phil Foden,"May 28, 2000",00:00:00,Manchester,https://www.astrosage.com/celebrity-horoscope/phil-foden-horoscope.asp,Reference,Internet
Drew Brees,"January 15, 1979",00:00:00,Austin,https://www.astrosage.com/celebrity-horoscope/drew-brees-horoscope.asp,Reference,Web
Andrew Luck,"September 12, 1989",00:00:00,Washington D.C.,https://www.astrosage.com/celebrity-horoscope/andrew-luck-horoscope.asp,Reference,Web
Terry Bradshaw,"September 12, 1948",11:10:00,Shreveport LA,https://www.astrosage.com/celebrity-horoscope/terry-bradshaw-horoscope.asp,Reference,Web
Roy Hodgson,"August 09, 1947",12:00:00,Croydon,https://www.astrosage.com/celebrity-horoscope/roy-hodgson-horoscope.asp,Dirty Data,Unknown
Chris Miller,"August 09, 1965",09:36:59,"117 W 45, 34 N 3",https://www.astrosage.com/celebrity-horoscope/chris-miller-horoscope.asp,Reference,Internet
Justin Ryan Simpson,"August 06, 1988",23:46:00,"118 W 29, 34 N 0",https://www.astrosage.com/celebrity-horoscope/justin-ryan-simpson-horoscope.asp,Reference,Internet
Marco Verratti,"November 05, 1992",12:00:00,Pescara,https://www.astrosage.com/celebrity-horoscope/marco-verratti-horoscope.asp,Dirty Data,Unknown
Lorenzo Insigne,"June 04, 1991",12:00:00,Naples,https://www.astrosage.com/celebrity-horoscope/lorenzo-insigne-horoscope.asp,Dirty Data,Unknown
Gabriel Paletta,"February 15, 1986",12:00:00,"Longchamps, Buenos Aires, Argentina",https://www.astrosage.com/celebrity-horoscope/gabriel-paletta-horoscope.asp,Dirty Data,Unknown
Leonardo Bonucci,"May 01, 1987",12:00:00,"Viterbo, Italy",https://www.astrosage.com/celebrity-horoscope/leonardo-bonucci-horoscope.asp,Dirty Data,Unknown
Ciro Immobile,"February 20, 1990",12:00:00,"Torre Annunziata, Italy",https://www.astrosage.com/celebrity-horoscope/ciro-immobile-horoscope.asp,Dirty Data,Unknown
Marco Parolo,"January 25, 1985",12:00:55,"Gallarate, Italy",https://www.astrosage.com/celebrity-horoscope/marco-parolo-horoscope.asp,Dirty Data,Unknown
Daniele De Rossi,"July 24, 1983",12:00:00,Rome,https://www.astrosage.com/celebrity-horoscope/daniele-de-rossi-horoscope.asp,Dirty Data,Unknown
Andrea Barzagli,"May 08, 1981",12:00:00,"Fiesole, Italy",https://www.astrosage.com/celebrity-horoscope/andrea-barzagli-horoscope.asp,Dirty Data,Unknown
Alberto Aquilani,"July 07, 1984",12:00:00,Rome,https://www.astrosage.com/celebrity-horoscope/alberto-aquilani-horoscope.asp,Dirty Data,Unknown
Mattia Perin,"November 10, 1992",12:00:00,Latina,https://www.astrosage.com/celebrity-horoscope/mattia-perin-horoscope.asp,Dirty Data,Unknown
Salvatore Sirigu,"January 12, 1987",12:00:00,"Nuoro, Italy",https://www.astrosage.com/celebrity-horoscope/salvatore-sirigu-horoscope.asp,Dirty Data,Unknown
Alessio Cerci,"July 23, 1987",12:00:00,"Velletri, Italy",https://www.astrosage.com/celebrity-horoscope/alessio-cerci-horoscope.asp,Dirty Data,Unknown
Antonio Cassano,"July 12, 1982",12:00:00,Bari,https://www.astrosage.com/celebrity-horoscope/antonio-cassano-horoscope.asp,Dirty Data,Unknown
Mario Balotelli,"August 12, 1990",12:00:00,Palermo,https://www.astrosage.com/celebrity-horoscope/mario-balotelli-horoscope.asp,Dirty Data,Unknown
Claudio Marchisio,"January 19, 1986",12:00:00,Turin,https://www.astrosage.com/celebrity-horoscope/claudio-marchisio-horoscope.asp,Dirty Data,Unknown
Ignazio Abate,"November 12, 1986",12:00:00,"Sant''Agata de'' Goti, Italy",https://www.astrosage.com/celebrity-horoscope/ignazio-abate-horoscope.asp,Dirty Data,Unknown
Antonio Candreva,"February 28, 1987",12:00:00,Rome,https://www.astrosage.com/celebrity-horoscope/antonio-candreva-horoscope.asp,Dirty Data,Unknown
Thiago Motta,"August 28, 1982",12:00:00,"So Bernardo do Campo, Sao Paulo, Brazil",https://www.astrosage.com/celebrity-horoscope/thiago-motta-horoscope.asp,Dirty Data,Unknown
Matteo Darmian,"December 02, 1989",12:00:00,"Legnano, Italy",https://www.astrosage.com/celebrity-horoscope/matteo-darmian-horoscope.asp,Dirty Data,Unknown
Giorgio Chiellini,"August 14, 1984",12:00:00,Pisa,https://www.astrosage.com/celebrity-horoscope/giorgio-chiellini-horoscope.asp,Dirty Data,Unknown
Mattia De Sciglio,"October 20, 1992",12:00:00,Milan,https://www.astrosage.com/celebrity-horoscope/mattia-de-sciglio-horoscope.asp,Dirty Data,Unknown
Yuvraj Walmiki,"November 25, 1990",12:00:00,Mumbai,https://www.astrosage.com/celebrity-horoscope/yuvraj-walmiki-horoscope.asp,Dirty Data,Unknown
Michael Nobbs,"January 04, 1954",12:00:00,Australian Alps,https://www.astrosage.com/celebrity-horoscope/michael-nobbs-horoscope.asp,Dirty Data,Unknown
Sreejesh Ravindran,"May 08, 1988",12:00:00,Kumarapuram,https://www.astrosage.com/celebrity-horoscope/sreejesh-ravindran-horoscope.asp,Dirty Data,Unknown
V. R. Raghunath,"November 01, 1988",12:00:00,Kodagu,https://www.astrosage.com/celebrity-horoscope/v-r-raghunath-horoscope.asp,Dirty Data,Unknown
Deepak Thakur,"December 28, 1980",12:00:00,Bhamowal,https://www.astrosage.com/celebrity-horoscope/deepak-thakur-horoscope.asp,Dirty Data,Unknown
Danish Mujtaba,"December 20, 1988",12:00:00,Allahabad,https://www.astrosage.com/celebrity-horoscope/danish-mujtaba-horoscope.asp,Dirty Data,Unknown
Jose Brasa,"August 22, 1951",12:00:00,Spanish,https://www.astrosage.com/celebrity-horoscope/jose-brasa-horoscope.asp,Dirty Data,Unknown
Gurbaj Singh,"August 09, 1988",12:00:00,Jalandhar,https://www.astrosage.com/celebrity-horoscope/gurbaj-singh-horoscope.asp,Dirty Data,Unknown
Rajpal Singh,"August 08, 1983",12:00:00,Chandigarh,https://www.astrosage.com/celebrity-horoscope/rajpal-singh-horoscope.asp,Dirty Data,Unknown
Sardara Singh,"July 15, 1986",12:00:00,Sant Nagar,https://www.astrosage.com/celebrity-horoscope/sardara-singh-horoscope.asp,Dirty Data,Unknown
Sarwanjit Singh,"July 03, 1988",12:00:00,Ludhiana,https://www.astrosage.com/celebrity-horoscope/sarwanjit-singh-horoscope.asp,Dirty Data,Unknown
Shivendra Singh,"June 09, 1983",12:00:00,Gwalior,https://www.astrosage.com/celebrity-horoscope/shivendra-singh-horoscope.asp,Dirty Data,Unknown
Sreejesh Raveendran,"May 08, 1988",12:00:00,Chandigarh,https://www.astrosage.com/celebrity-horoscope/sreejesh-raveendran-horoscope.asp,Dirty Data,Unknown
Tushar Khandker,"April 05, 1985",12:00:00,Jhansi,https://www.astrosage.com/celebrity-horoscope/tushar-khandker-horoscope.asp,Dirty Data,Unknown
Adrian D Souza,"March 24, 1984",12:00:00,Mumbai,https://www.astrosage.com/celebrity-horoscope/adrian-d-souza-horoscope.asp,Dirty Data,Unknown
Sandeep Singh,"February 27, 1986",12:00:00,Shahabad Kurukshetra,https://www.astrosage.com/celebrity-horoscope/sandeep-singh-horoscope.asp,Dirty Data,Unknown
K. D. Singh Babu,"February 02, 1923",04:00:00,Barabanki,https://www.astrosage.com/celebrity-horoscope/k-d-singh-babu-horoscope.asp,Accurate,The Times Select Horoscopes
Malaika Arora Khan,"August 23, 1973",12:00:00,Mumbai,https://www.astrosage.com/celebrity-horoscope/malaika-arora-khan-horoscope.asp,Dirty Data,Unknown
About Satish Kaushik/ Who is Satish Kaushik ?,"April 13, 1956",12:00:00,Mahendragarh,https://www.astrosage.com/celebrity-horoscope/satish-kaushik-horoscope.asp,Dirty Data,Unknown
About Vinod Khanna/ Who is Vinod Khanna ?,"October 6, 1946",21:15:00,Peshawar,https://www.astrosage.com/celebrity-horoscope/vinod-khanna-horoscope.asp,Accurate,Kundli Sangraha (Tendulkar)
About Alia Bhatt/ Who is Alia Bhatt ?,"March 15, 1993",04:10:00,London,https://www.astrosage.com/celebrity-horoscope/alia-bhatt-horoscope.asp,Reference,Reference
About Divyendu Sharma/ Who is Divyendu Sharma ?,"May 13, 1983",12:00:00,Delhi,https://www.astrosage.com/celebrity-horoscope/divyendu-sharma-horoscope.asp,Dirty Data,Dirty Data
About Hrithik Roshan/ Who is Hrithik Roshan ?,"January 10, 1974",03:24:00,Mumbai,https://www.astrosage.com/celebrity-horoscope/hrithik-roshan-horoscope.asp,Accurate,Kundli Sangraha (Bhat)
Sushant Singh Rajput,"January 21, 1986",12:00:00,Patna,https://www.astrosage.com/celebrity-horoscope/sushant-singh-rajput-horoscope.asp,Dirty Data,Unknown
Dulquer Salmaan,"July 28, 1986",12:00:00,Cochin,https://www.astrosage.com/celebrity-horoscope/dulquer-salmaan-horoscope.asp,Dirty Data,Dirty Data
Abhimanyu Singh,"September 20, 1975",12:00:00,Sonepur,https://www.astrosage.com/celebrity-horoscope/abhimanyu-singh-horoscope.asp,Dirty Data,Dirty Data
Vatsal Sheth,"August 5, 1980",12:00:00,Mumbai,https://www.astrosage.com/celebrity-horoscope/vatsal-sheth-horoscope.asp,Dirty Data,Dirty Data
Sumedh Mudgalkar,"November 2, 1996",12:00:00,Pune,https://www.astrosage.com/celebrity-horoscope/sumedh-mudgalkar-horoscope.asp,Dirty Data,Dirty Data
Richa Chadda,"December 18, 1986",12:00:00,Amritsar,https://www.astrosage.com/celebrity-horoscope/richa-chadda-horoscope.asp,Dirty Data,Unknown
Sajid Khan,"December 28, 1951",12:00:00,Mumbai,https://www.astrosage.com/celebrity-horoscope/sajid-khan-horoscope.asp,Dirty Data,Unknown
Rakhi Sawant,"November 25, 1978",11:07:02,Badarpur,https://www.astrosage.com/celebrity-horoscope/rakhi-sawant-horoscope.asp,Dirty Data,Unknown
Rishi Kapoor,"September 4, 1952",23:10:00,Mumbai,https://www.astrosage.com/celebrity-horoscope/rishi-kapoor-horoscope.asp,Reference,765 Notable Horoscopes
Irrfan Khan,"January 7, 1967",12:00:00,Jaipur,https://www.astrosage.com/celebrity-horoscope/irrfan-khan-horoscope.asp,Dirty Data,Unknown
Ishaa Koppikar,"September 19, 1976",12:00:00,Mumbai,https://www.astrosage.com/celebrity-horoscope/ishaa-koppikar-horoscope.asp,Dirty Data,Unknown
Ravi Kishan,"July 17, 1969",12:00:00,Jaunpur,https://www.astrosage.com/celebrity-horoscope/ravi-kishan-horoscope.asp,Dirty Data,Unknown
Katrina Kaif,"July 16, 1983",06:40:00,Hong Kong,https://www.astrosage.com/celebrity-horoscope/katrina-kaif-horoscope.asp,Reference,765 Notable Horoscopes
Sandhya Mridul,"March 28, 1975",12:00:00,Mumbai,https://www.astrosage.com/celebrity-horoscope/sandhya-mridul-horoscope.asp,Dirty Data,Unknown
Sharman Joshi,"April 28, 1979",12:00:00,Mumbai,https://www.astrosage.com/celebrity-horoscope/sharman-joshi-horoscope.asp,Dirty Data,Unknown
Kangana Ranaut,"March 23, 1987",12:00:00,Bhambla Mandi,https://www.astrosage.com/celebrity-horoscope/kangana-ranaut-horoscope.asp,Dirty Data,Unknown
Rekha,"October 10, 1954",11:00:00,Madras,https://www.astrosage.com/celebrity-horoscope/rekha-horoscope.asp,Accurate,Kundli Sangraha (Bhat)
Amitabh Bachchan,"October 11, 1942",16:00:00,Allahabad,https://www.astrosage.com/celebrity-horoscope/amitabh-bachchan-horoscope.asp,Accurate,Kundli Sangraha (Bhat)
Neha Dhupia,"August 27, 1980",12:00:00,Cochin,https://www.astrosage.com/celebrity-horoscope/neha-dhupia-horoscope.asp,Dirty Data,Unknown
Manoj Kumar,"July 24, 1937",18:45:00,Abbottabad,https://www.astrosage.com/celebrity-horoscope/manoj-kumar-horoscope.asp,Accurate,Kundli Sangraha (Bhat)
Vaibhavi Merchant,"December 17, 1975",12:00:00,Chennai,https://www.astrosage.com/celebrity-horoscope/vaibhavi-merchant-horoscope.asp,Dirty Data,Dirty Data
Ashutosh Rana,"November 10, 1967",12:00:00,Gadarwara,https://www.astrosage.com/celebrity-horoscope/ashutosh-rana-horoscope.asp,Dirty Data,Unknown
Ajay Devgan,"April 02, 1969",13:32:00,Delhi,https://www.astrosage.com/celebrity-horoscope/ajay-devgan-horoscope.asp,Reference,Reference
Amrita Arora,"January 31, 1981",12:00:00,Chembur,https://www.astrosage.com/celebrity-horoscope/amrita-arora-horoscope.asp,Accurate,Kundli Sangraha (Bhat)
A. K. Hangal,"February 01, 1917",12:00:00,Sialkot,https://www.astrosage.com/celebrity-horoscope/a-k-hangal-horoscope.asp,Dirty Data,Unknown
Manisha Koirala,"August 16, 1970",17:42:19,Kathmandu *,https://www.astrosage.com/celebrity-horoscope/manisha-koirala-horoscope.asp,Reference,300 Important Horoscopes (MK Vishwanath)
Shruti Haasan,"January 28, 1986",12:00:00,Chennai,https://www.astrosage.com/celebrity-horoscope/shruti-haasan-horoscope.asp,Dirty Data,Unknown
Payal Rohatgi,"November 09, 1985",12:00:00,Hyderabad,https://www.astrosage.com/celebrity-horoscope/payal-rohatgi-horoscope.asp,Dirty Data,Unknown
Pooja Mishra,"December 29, 1984",14:48:28,Munger Bihar,https://www.astrosage.com/celebrity-horoscope/pooja-mishra-horoscope.asp,Dirty Data,Unknown
Namitha,"May 10, 1981",12:00:00,Surat,https://www.astrosage.com/celebrity-horoscope/namitha-horoscope.asp,Dirty Data,Unknown
Natasha Rastogi,"May 14, 1962",12:00:00,New Delhi,https://www.astrosage.com/celebrity-horoscope/natasha-rastogi-horoscope.asp,Reference,Internet
Nandana Sen,"August 19, 1967",12:00:00,Calcutta,https://www.astrosage.com/celebrity-horoscope/nandana-sen-horoscope.asp,Dirty Data,Unknown
Mandira Bedi,"April 15, 1972",12:00:00,Mumbai,https://www.astrosage.com/celebrity-horoscope/mandira-bedi-horoscope.asp,Dirty Data,Unknown
Masumeh Makhija,"October 10, 1984",12:00:00,Canadian,https://www.astrosage.com/celebrity-horoscope/masumeh-makhija-horoscope.asp,Dirty Data,Unknown
Kriti Kharbanda,"October 29, 1990",12:00:00,New Delhi,https://www.astrosage.com/celebrity-horoscope/kriti-kharbanda-horoscope.asp,Dirty Data,Dirty Data
Divya Dutta,"September 25, 1977",12:00:00,Ludhiana,https://www.astrosage.com/celebrity-horoscope/divya-dutta-horoscope.asp,Dirty Data,Unknown
Chitrashi Rawat,"November 29, 1989",12:00:00,Raipur,https://www.astrosage.com/celebrity-horoscope/chitrashi-rawat-horoscope.asp,Dirty Data,Unknown
Anu Aggarwal,"January 11, 1969",12:00:00,New Delhi,https://www.astrosage.com/celebrity-horoscope/anu-aggarwal-horoscope.asp,Dirty Data,Unknown
Priyamani,"June 04, 1984",12:00:00,Palakkad,https://www.astrosage.com/celebrity-horoscope/priyamani-horoscope.asp,Dirty Data,Unknown
Meera Chopra,"July 08, 1983",12:00:00,Delhi,https://www.astrosage.com/celebrity-horoscope/meera-chopra-horoscope.asp,Dirty Data,Unknown
Neetu Singh,"July 08, 1958",12:00:00,Chandigarh,https://www.astrosage.com/celebrity-horoscope/neetu-singh-horoscope.asp,Dirty Data,Unknown
Juhi Parmar,"December 14, 1980",12:00:00,Rajsthan,https://www.astrosage.com/celebrity-horoscope/juhi-parmar-horoscope.asp,Dirty Data,Unknown
Pooja Bedi,"May 11, 1970",12:00:00,Mumbai,https://www.astrosage.com/celebrity-horoscope/pooja-bedi-horoscope.asp,Dirty Data,Unknown
Mahek Chahal,"February 01, 1979",12:00:00,norway,https://www.astrosage.com/celebrity-horoscope/mahek-chahal-horoscope.asp,Dirty Data,Unknown
Rajnikanth,"December 12, 1950",23:49:00,Bangalore,https://www.astrosage.com/celebrity-horoscope/rajnikanth-horoscope.asp,Accurate,Kundli Sangraha (Tendulkar)
Aamir Khan,"March 14, 1965",06:15:00,Mumbai,https://www.astrosage.com/celebrity-horoscope/aamir-khan-horoscope.asp,Accurate,Kundli Sangraha (Tendulkar)
Abhishek Bachchan,"February 05, 1976",12:00:00,Mumbai,https://www.astrosage.com/celebrity-horoscope/abhishek-bachchan-horoscope.asp,Reference,Lagna Phal (Garg)
Kareena Kapoor,"September 21, 1980",14:17:00,Mumbai,https://www.astrosage.com/celebrity-horoscope/kareena-kapoor-horoscope.asp,Reference,765 Notable Horoscopes
Sanjay Dutt,"July 29, 1959",15:00:00,Mumbai,https://www.astrosage.com/celebrity-horoscope/sanjay-dutt-horoscope.asp,Accurate,Kundli Sangraha (Bhat)
Rajesh Khanna,"December 29, 1942",17:45:00,Amritsar,https://www.astrosage.com/celebrity-horoscope/rajesh-khanna-horoscope.asp,Accurate,Kundli Sangraha (Bhat)
Raakhee Gulzar-1,"August 15, 1943",22:30:00,Calcutta,https://www.astrosage.com/celebrity-horoscope/raakhee-gulzar-1-horoscope.asp,Reference,765 Notable Horoscopes
Raakhee Gulzar,"August 15, 1943",23:30:00,Calcutta,https://www.astrosage.com/celebrity-horoscope/raakhee-gulzar-horoscope.asp,Accurate,Kundli Sangraha (Bhat)
Meenakshi Seshadri,"November 16, 1963",12:00:00,Dhanbad,https://www.astrosage.com/celebrity-horoscope/meenakshi-seshadri-horoscope.asp,Dirty Data,Dirty Data
Akashdeep Saighal,"October 29, 1974",12:00:00,Mumbai,https://www.astrosage.com/celebrity-horoscope/akashdeep-saighal-horoscope.asp,Dirty Data,Unknown
Alexa Vega,"August 27, 1988",12:00:00,Miami,https://www.astrosage.com/celebrity-horoscope/alexa-vega-horoscope.asp,Dirty Data,Unknown
Kevin Hart,"July 6, 1979",10:13:00,Philadelphia,https://www.astrosage.com/celebrity-horoscope/kevin-hart-horoscope.asp,Reference,Internet
Jean Arthur,"October 17, 1900",12:00:00,New york,https://www.astrosage.com/celebrity-horoscope/jean-arthur-horoscope.asp,Dirty Data,Dirty Data
Samaire Armstrong,"October 31, 1980",12:00:00,Tokyo,https://www.astrosage.com/celebrity-horoscope/samaire-armstrong-horoscope.asp,Dirty Data,Dirty Data
Bess Armstrong,"December 11, 1953",12:00:00,Baltimore,https://www.astrosage.com/celebrity-horoscope/bess-armstrong-horoscope.asp,Dirty Data,Dirty Data
Nancy Allen,"June 24, 1950",12:00:00,New york,https://www.astrosage.com/celebrity-horoscope/nancy-allen-horoscope.asp,Dirty Data,Dirty Data
Jean Acker,"October 23, 1893",12:00:00,New Jersey,https://www.astrosage.com/celebrity-horoscope/jean-acker-horoscope.asp,Dirty Data,Dirty Data
Jillian Armenante,"July 5, 1968",12:00:00,New Jersey,https://www.astrosage.com/celebrity-horoscope/jillian-armenante-horoscope.asp,Dirty Data,Dirty Data
Laura Allen,"March 21, 1974",12:00:00,Portland,https://www.astrosage.com/celebrity-horoscope/laura-allen-horoscope.asp,Dirty Data,Dirty Data
Amy Acker,"December 5, 1976",12:00:00,Dallas,https://www.astrosage.com/celebrity-horoscope/amy-acker-horoscope.asp,Dirty Data,Dirty Data
Ashley Argota,"January 9, 1993",12:00:00,California,https://www.astrosage.com/celebrity-horoscope/ashley-argota-horoscope.asp,Dirty Data,Dirty Data
Krista Allen,"April 5, 1971",12:00:00,Ventura,https://www.astrosage.com/celebrity-horoscope/krista-allen-horoscope.asp,Dirty Data,Dirty Data
Eve Arden,"April 30, 1908",12:00:00,Los angeles,https://www.astrosage.com/celebrity-horoscope/eve-arden-horoscope.asp,Dirty Data,Dirty Data
Whitney Able,"June 2, 1982",12:00:00,Houston,https://www.astrosage.com/celebrity-horoscope/whitney-able-horoscope.asp,Dirty Data,Dirty Data
Leila Arcieri,"December 18, 1973",06:50:00,San francisco,https://www.astrosage.com/celebrity-horoscope/leila-arcieri-horoscope.asp,Reference,Internet
Donzaleigh Abernathy,"August 5, 1957",12:00:00,Montgomery,https://www.astrosage.com/celebrity-horoscope/donzaleigh-abernathy-horoscope.asp,Dirty Data,Dirty Data
Diahnne Abbott,"May 1, 1945",12:00:00,New york,https://www.astrosage.com/celebrity-horoscope/diahnne-abbott-horoscope.asp,Dirty Data,Dirty Data
Christina Applegate,"November 25, 1971",17:45:00,Hollywood,https://www.astrosage.com/celebrity-horoscope/christina-applegate-horoscope.asp,Reference,Internet
Ana Alicia,"December 12, 1956",12:00:00,Mexico City,https://www.astrosage.com/celebrity-horoscope/ana-alicia-horoscope.asp,Dirty Data,Dirty Data
Caroline Aaron,"August 7, 1952",12:00:00,Richmond,https://www.astrosage.com/celebrity-horoscope/caroline-aaron-horoscope.asp,Dirty Data,Dirty Data
Shiri Appleby,"December 7, 1978",12:00:00,Los angeles,https://www.astrosage.com/celebrity-horoscope/shiri-appleby-horoscope.asp,Dirty Data,Dirty Data
Susan Anton,"October 12, 1950",12:00:00,California,https://www.astrosage.com/celebrity-horoscope/susan-anton-horoscope.asp,Dirty Data,Dirty Data
Sasha Alexander,"May 17, 1973",12:00:00,Los angeles,https://www.astrosage.com/celebrity-horoscope/sasha-alexander-horoscope.asp,Dirty Data,Dirty Data
Daniel Kaluuya,"Febuary 24, 1989",12:00:00,London,https://www.astrosage.com/celebrity-horoscope/daniel-kaluuya-horoscope.asp,Dirty Data,Dirty Data
Maisie Williams,"April 15, 1997",12:00:00,Bristol,https://www.astrosage.com/celebrity-horoscope/maisie-williams-horoscope.asp,Dirty Data,Dirty Data
Sophie Turner,"Febuary 21, 1996",12:00:00,Northampton,https://www.astrosage.com/celebrity-horoscope/sophie-turner-horoscope.asp,Dirty Data,Dirty Data
Lorde,"November 7, 1996",10:00:00,Auckland,https://www.astrosage.com/celebrity-horoscope/lorde-horoscope.asp,Reference,Internet
Jessica Williams,"July 31, 1989",12:00:00,Los angeles,https://www.astrosage.com/celebrity-horoscope/jessica-williams-horoscope.asp,Dirty Data,Dirty Data
Aulii Cravalho,"November 22, 2000",12:00:00,Hawaii,https://www.astrosage.com/celebrity-horoscope/aulii-cravalho-horoscope.asp,Dirty Data,Dirty Data
Caleb Landry Jones,"December 7, 1989",12:00:00,Garland,https://www.astrosage.com/celebrity-horoscope/caleb-landry-jones-horoscope.asp,Dirty Data,Dirty Data
Letitia Wright,"October 31, 1993",12:00:00,Georgetown,https://www.astrosage.com/celebrity-horoscope/letitia-wright-horoscope.asp,Dirty Data,Dirty Data
Cameron Monaghan,"August 16, 1993",12:00:00,California,https://www.astrosage.com/celebrity-horoscope/cameron-monaghan-horoscope.asp,Dirty Data,Dirty Data
Finn Wolfhard,"December 23, 2002",23:30:00,Vancouver,https://www.astrosage.com/celebrity-horoscope/finn-wolfhard-horoscope.asp,Reference,Internet
Yara Shahidi,"Febuary 10, 2000",02:00:00,Minneapolis,https://www.astrosage.com/celebrity-horoscope/yara-shahidi-horoscope.asp,Reference,Internet
Rachel Brosnahan,"July 12, 1990",12:00:00,Milwaukee,https://www.astrosage.com/celebrity-horoscope/rachel-brosnahan-horoscope.asp,Dirty Data,Dirty Data
Jon Bernthal,"September 20, 1976",12:00:00,Washington D.C.,https://www.astrosage.com/celebrity-horoscope/jon-bernthal-horoscope.asp,Dirty Data,Dirty Data
Samuel L. Jackson,"December 21, 1948",12:00:00,Washington D.C.,https://www.astrosage.com/celebrity-horoscope/samuel-l-jackson-horoscope.asp,Dirty Data,Dirty Data
Ryan Gosling,"November 12, 1980",14:34:00,London,https://www.astrosage.com/celebrity-horoscope/ryan-gosling-horoscope.asp,Reference,Internet
Domhnall Gleeson,"May 12, 1983",12:00:00,Dublin,https://www.astrosage.com/celebrity-horoscope/domhnall-gleeson-horoscope.asp,Dirty Data,Dirty Data
Mackenzie Davis,"April 1, 1987",12:00:00,Vancouver,https://www.astrosage.com/celebrity-horoscope/mackenzie-davis-horoscope.asp,Dirty Data,Dirty Data
Daisy Ridley,"April 10, 1992",12:00:00,London,https://www.astrosage.com/celebrity-horoscope/daisy-ridley-horoscope.asp,Dirty Data,Dirty Data
Lakeith Stanfield,"August 12, 1991",10:07:00,San bernardino,https://www.astrosage.com/celebrity-horoscope/lakeith-stanfield-horoscope.asp,Reference,Internet
Rose Leslie,"Febuary 9, 1987",12:00:00,Aberdeen,https://www.astrosage.com/celebrity-horoscope/rose-leslie-horoscope.asp,Dirty Data,Dirty Data
Thandie Newton,"November 6, 1972",12:00:00,London,https://www.astrosage.com/celebrity-horoscope/thandie-newton-horoscope.asp,Dirty Data,Dirty Data
Jeremy Renner,"January 7, 1971",11:06:00,California,https://www.astrosage.com/celebrity-horoscope/jeremy-renner-horoscope.asp,Reference,Internet
Timothee Chalamet,"December 27, 1995",21:16:00,New york,https://www.astrosage.com/celebrity-horoscope/timothee-chalamet-horoscope.asp,Reference,Internet
Jesse Plemons,"April 2, 1988",12:00:00,Dallas,https://www.astrosage.com/celebrity-horoscope/jesse-plemons-horoscope.asp,Dirty Data,Dirty Data
Shailene Woodley,"November 15, 1991",21:06:00,San bernardino,https://www.astrosage.com/celebrity-horoscope/shailene-woodley-horoscope.asp,Reference,Internet
Tye Sheridan,"November 11, 1996",12:00:00,Texas,https://www.astrosage.com/celebrity-horoscope/tye-sheridan-horoscope.asp,Dirty Data,Dirty Data
Laura Dern,"Febuary 10, 1967",07:48:00,California,https://www.astrosage.com/celebrity-horoscope/laura-dern-horoscope.asp,Reference,Internet
Kate Mckinnon,"January 6, 1984",12:00:00,New york,https://www.astrosage.com/celebrity-horoscope/kate-mckinnon-horoscope.asp,Dirty Data,Dirty Data
Aubrey Plaza,"June 26, 1984",12:00:00,Delaware,https://www.astrosage.com/celebrity-horoscope/aubrey-plaza-horoscope.asp,Dirty Data,Dirty Data
Zac Efron,"October 18, 1987",13:22:00,California,https://www.astrosage.com/celebrity-horoscope/zac-efron-horoscope.asp,Reference,Internet
Tom Hiddleston,"Febuary 9, 1981",12:00:00,London,https://www.astrosage.com/celebrity-horoscope/tom-hiddleston-horoscope.asp,Dirty Data,Dirty Data
Robin Wright,"April 8, 1966",12:00:00,Dallas,https://www.astrosage.com/celebrity-horoscope/robin-wright-horoscope.asp,Dirty Data,Dirty Data
Hailee Steinfeld,"December 11, 1996",17:26:00,California,https://www.astrosage.com/celebrity-horoscope/hailee-steinfeld-horoscope.asp,Reference,Internet
Chris Pine,"August 26, 1980",08:25:00,California,https://www.astrosage.com/celebrity-horoscope/chris-pine-horoscope.asp,Reference,Internet
Betty Aberlin,"December 30, 1942",12:00:00,New york,https://www.astrosage.com/celebrity-horoscope/betty-aberlin-horoscope.asp,Dirty Data,Dirty Data
Bruce Wayne,"February 27, 1958",20:00:00,"73 W 51, 42 N 13",https://www.astrosage.com/celebrity-horoscope/bruce-wayne-horoscope.asp,Dirty Data,Dirty Data
Monique Evans,"July 05, 1956",20:39:59,Rio de Janeiro,https://www.astrosage.com/celebrity-horoscope/monique-evans-horoscope.asp,Dirty Data,Dirty Data
Politician,"February 13, 1896",14:00:00,"81 W 34, 40 N 24",https://www.astrosage.com/celebrity-horoscope/politician-horoscope.asp,,Unknown
Subhas Chandra Bose,"January 23, 1897",12:15:41,Cuttack,https://www.astrosage.com/celebrity-horoscope/subhas-chandra-bose-horoscope.asp,Accurate,Kundli Sangraha (Bhat)
Subhash Chandra Bose,"January 23, 1897",12:15:41,Cuttack,https://www.astrosage.com/celebrity-horoscope/subhash-chandra-bose-horoscope.asp,Accurate,Kundli Sangraha (Bhat)
Steve Jobs,"February 24, 1955",19:15:00,San Francisco CA,https://www.astrosage.com/celebrity-horoscope/steve-jobs-horoscope.asp,Reference,Web
About Chandrababu Naidu/ Who is Chandrababu Naidu ?,"April 27, 1951",06:30:00,Hyderabad,https://www.astrosage.com/celebrity-horoscope/chandrababu-naidu-horoscope.asp,Dirty Data,Dirty Data
About S. Jaipal Reddy/ Who is S. Jaipal Reddy ?,"January 16, 1942",12:00:00,Madgul,https://www.astrosage.com/celebrity-horoscope/s-jaipal-reddy-horoscope.asp,Dirty Data,Dirty Data
About Sharad Yadav/ Who is Sharad Yadav ?,"July 1, 1947",12:00:00,Narmadapuram,https://www.astrosage.com/celebrity-horoscope/sharad-yadav-horoscope.asp,Dirty Data,Dirty Data
About N.d.tiwari/ Who is N.d.tiwari ?,"October 18, 1925",05:00:00,Nainital,https://www.astrosage.com/celebrity-horoscope/ndtiwari-horoscope.asp,Dirty Data,Dirty Data
About Tirath Singh Rawat/ Who is Tirath Singh Rawat ?,"April 9, 1964",12:00:00,Garhwal,https://www.astrosage.com/celebrity-horoscope/tirath-singh-rawat-horoscope.asp,Dirty Data,Dirty Data
About Ajay Bhatt/ Who is Ajay Bhatt ?,"May 1, 1961",12:00:00,Ranikhet,https://www.astrosage.com/celebrity-horoscope/ajay-bhatt-horoscope.asp,Dirty Data,Dirty Data
About Satpal Maharaj/ Who is Satpal Maharaj ?,"September 21, 1951",12:00:00,"Kankhal, Haridwar",https://www.astrosage.com/celebrity-horoscope/satpal-maharaj-horoscope.asp,Dirty Data,Dirty Data
About Dhan Singh Rawat/ Who is Dhan Singh Rawat ?,"November 7, 1972",12:00:00,Pauri Garhwal,https://www.astrosage.com/celebrity-horoscope/dhan-singh-rawat-horoscope.asp,Dirty Data,Dirty Data
Innocent Vincent,"March 4, 1948",12:00:00,Irinjalakkuda,https://www.astrosage.com/celebrity-horoscope/innocent-vincent-horoscope.asp,Dirty Data,Dirty Data
Anubhav Mohanty,"December 24, 1981",12:00:00,Cuttack,https://www.astrosage.com/celebrity-horoscope/anubhav-mohanty-horoscope.asp,Dirty Data,Dirty Data
Sanjay Raut,"November 15, 1961",12:00:00,Alibagh,https://www.astrosage.com/celebrity-horoscope/sanjay-raut-horoscope.asp,Dirty Data,Dirty Data
Hemant Soren,"August 10, 1975",12:00:00,Ramgarh,https://www.astrosage.com/celebrity-horoscope/hemant-soren-horoscope.asp,Dirty Data,Dirty Data
Uddhav Thackeray,"July 27, 1960",10:14:00,Mumbai,https://www.astrosage.com/celebrity-horoscope/uddhav-thackeray-horoscope.asp,Reference,Reference
Arun Jaitley,"December 28, 1952",12:00:00,New Delhi,https://www.astrosage.com/celebrity-horoscope/arun-jaitley-horoscope.asp,Dirty Data,Unknown
Sheila Dikshit,"March 31, 1938",13:20:00,Kapurthala,https://www.astrosage.com/celebrity-horoscope/sheila-dikshit-horoscope.asp,Reference,765 Notable Horoscopes
Sushma Swaraj,"Febuary 14, 1952",04:15:00,Ambala,https://www.astrosage.com/celebrity-horoscope/sushma-swaraj-horoscope.asp,Reference,Lagna Phal (Garg)
Boris Johnson,"June 19, 1964",12:00:00,New york,https://www.astrosage.com/celebrity-horoscope/boris-johnson-horoscope.asp,Dirty Data,Dirty Data
Amit Shah,"October 22, 1964",05:25:00,Mumbai,https://www.astrosage.com/celebrity-horoscope/amit-shah-horoscope.asp,Reference,Internet
Pragya Singh Thakur,"February 02, 1970",00:00:00,Bhind,https://www.astrosage.com/celebrity-horoscope/pragya-singh-thakur-horoscope.asp,Reference,Reference
Priyanka Vadra,"January 12, 1972",17:05:00,Delhi,https://www.astrosage.com/celebrity-horoscope/priyanka-vadra-horoscope.asp,Accurate,Kundli Sangraha (Bhat)
Priyanka Gandhi,"January 12, 1972",17:05:00,Delhi,https://www.astrosage.com/celebrity-horoscope/priyanka-gandhi-horoscope.asp,Reference,765 Notable Horoscopes
Rahul Gandhi,"June 18, 1970",21:52:00,Delhi,https://www.astrosage.com/celebrity-horoscope/rahul-gandhi-horoscope.asp,Accurate,Kundli Sangraha (Bhat)
Narendra Modi,"September 17, 1950",11:00:00,Mehsana,https://www.astrosage.com/celebrity-horoscope/narendra-modi-horoscope.asp,Reference,Lagna Phal (Garg)
Dr. Subramaniam Swamy,"September 15, 1939",04:30:00,Chennai,https://www.astrosage.com/celebrity-horoscope/dr-subramaniam-swamy-horoscope.asp,Dirty Data,Unknown
Vallabhbhai Patel,"October 31, 1875",19:23:32,Nadiad,https://www.astrosage.com/celebrity-horoscope/vallabhbhai-patel-horoscope.asp,Accurate,Kundli Sangraha (Bhat)
Arvind Kejriwal,"August 16, 1968",00:30:00,Siwani,https://www.astrosage.com/celebrity-horoscope/arvind-kejriwal-horoscope.asp,Reference,Internet
Bhayyuji Maharaj,"April 29, 1968",20:28:00,Shujalpur,https://www.astrosage.com/celebrity-horoscope/bhayyuji-maharaj-horoscope.asp,Reference,Internet
A. P. J. Abdul Kalam,"October 15, 1931",01:15:00,Rameswaram,https://www.astrosage.com/celebrity-horoscope/a-p-j-abdul-kalam-horoscope.asp,Reference,765 Notable Horoscopes
Atal Bihari Vajpayee,"December 25, 1924",05:45:00,Gwalior (MP),https://www.astrosage.com/celebrity-horoscope/atal-bihari-vajpayee-horoscope.asp,Accurate,The Times Select Horoscopes
Digvijay Singh,"September 08, 1950",13:50:00,Madhya Pradesh,https://www.astrosage.com/celebrity-horoscope/digvijay-singh-horoscope.asp,Reference,765 Notable Horoscopes
Lalu Prasad Yadav,"June 11, 1948",03:07:00,Gopalganj,https://www.astrosage.com/celebrity-horoscope/lalu-prasad-yadav-horoscope.asp,Reference,765 Notable Horoscopes
Jai Ram Thakur,"January 06, 1965",00:00:00,Mandi,https://www.astrosage.com/celebrity-horoscope/jai-ram-thakur-horoscope.asp,Reference,Internet
Vijay Rupani,"August 02, 1956",00:00:00,Yangon,https://www.astrosage.com/celebrity-horoscope/vijay-rupani-horoscope.asp,Reference,Web
Jignesh Mevani,"December 11, 1982",00:00:00,Ahmedabad,https://www.astrosage.com/celebrity-horoscope/jignesh-mevani-horoscope.asp,Reference,Web
Ram Nath Kovind,"September 05, 1946",19:40:00,"Derapur, Kanpur Dehat, UP",https://www.astrosage.com/celebrity-horoscope/ram-nath-kovind-horoscope.asp,Reference,Web
Jyoti Basu,"July 08, 1914",11:00:00,Calcutta,https://www.astrosage.com/celebrity-horoscope/jyoti-basu-horoscope.asp,Accurate,The Times Select Horoscopes
Surendra Singh Baghel,"March 17, 1977",12:00:00,Baroda,https://www.astrosage.com/celebrity-horoscope/surendra-singh-baghel-horoscope.asp,Dirty Data,Unknown
S. P. Singh Baghel,"June 21, 1960",12:00:00,Etawah,https://www.astrosage.com/celebrity-horoscope/s-p-singh-baghel-horoscope.asp,Dirty Data,Unknown
Raja Ram Pal,"November 20, 1960",12:00:00,Kanpur,https://www.astrosage.com/celebrity-horoscope/raja-ram-pal-horoscope.asp,Dirty Data,Unknown
Sarika Singh Baghel,"August 09, 1980",12:00:00,Etawah,https://www.astrosage.com/celebrity-horoscope/sarika-singh-baghel-horoscope.asp,Dirty Data,Unknown
Akhilesh Yadav,"July 01, 1973",12:00:00,Saifai,https://www.astrosage.com/celebrity-horoscope/akhilesh-yadav-horoscope.asp,Dirty Data,Unknown
Manmohan Singh,"September 26, 1932",14:00:00,Jhelum,https://www.astrosage.com/celebrity-horoscope/manmohan-singh-horoscope.asp,Accurate,The Times Select Horoscopes
Sonia Gandhi,"December 09, 1946",21:30:00,Turin,https://www.astrosage.com/celebrity-horoscope/sonia-gandhi-horoscope.asp,Reference,Lagna Phal (Garg)
Rahul Gandhi-1,"June 19, 1970",05:50:00,Delhi,https://www.astrosage.com/celebrity-horoscope/rahul-gandhi-1-horoscope.asp,Reference,765 Notable Horoscopes
Anna Hazare,"June 15, 1937",00:08:36,Bhingar,https://www.astrosage.com/celebrity-horoscope/anna-hazare-horoscope.asp,Accurate,Kundli Sangraha (Bhat)
Mamata Banerjee,"January 05, 1955",12:00:00,Calcutta,https://www.astrosage.com/celebrity-horoscope/mamata-banerjee-horoscope.asp,Dirty Data,Unknown
Harish Rawat,"April 27, 1947",12:00:00,Mohanari,https://www.astrosage.com/celebrity-horoscope/harish-rawat-horoscope.asp,Dirty Data,Unknown
Kalvakuntla Chandrashekar Rao,"February 17, 1954",12:00:00,Siddipet,https://www.astrosage.com/celebrity-horoscope/kalvakuntla-chandrashekar-rao-horoscope.asp,Dirty Data,Unknown
Jayalalithaa Jayaram,"February 24, 1948",14:40:00,Mysore,https://www.astrosage.com/celebrity-horoscope/jayalalithaa-jayaram-horoscope.asp,Reference,Lagna Phal (Garg)
Pawan Kumar Chamling,"September 22, 1950",12:00:00,Yangang,https://www.astrosage.com/celebrity-horoscope/pawan-kumar-chamling-horoscope.asp,Dirty Data,Unknown
Vasundhara Raje,"March 08, 1953",12:00:00,Mumbai,https://www.astrosage.com/celebrity-horoscope/vasundhara-raje-horoscope.asp,Dirty Data,Unknown
Parkash Singh Badal,"December 08, 1927",12:00:00,Abul Kurana,https://www.astrosage.com/celebrity-horoscope/parkash-singh-badal-horoscope.asp,Dirty Data,Unknown
N. Rangaswamy,"August 04, 1950",12:00:00,Pondicherry,https://www.astrosage.com/celebrity-horoscope/n-rangaswamy-horoscope.asp,Dirty Data,Unknown
Naveen Patnaik,"October 16, 1946",17:30:00,Cuttack,https://www.astrosage.com/celebrity-horoscope/naveen-patnaik-horoscope.asp,Reference,765 Notable Horoscopes
T. R. Zeliang,"February 21, 1952",12:00:00,"Peren, Kohima",https://www.astrosage.com/celebrity-horoscope/t-r-zeliang-horoscope.asp,Dirty Data,Unknown
Lal Thanhawla,"May 19, 1942",12:00:00,Durtlang,https://www.astrosage.com/celebrity-horoscope/lal-thanhawla-horoscope.asp,Dirty Data,Unknown
Okram Ibobi Singh,"June 19, 1948",12:00:00,Athokpam Makha Leikai,https://www.astrosage.com/celebrity-horoscope/okram-ibobi-singh-horoscope.asp,Dirty Data,Unknown
Raghubar Das,"May 03, 1955",12:00:00,Jamshedpur,https://www.astrosage.com/celebrity-horoscope/raghubar-das-horoscope.asp,Dirty Data,Unknown
Mufti Mohammad Sayeed,"January 12, 1936",12:00:00,Bijbiara,https://www.astrosage.com/celebrity-horoscope/mufti-mohammad-sayeed-horoscope.asp,Dirty Data,Unknown
Manohar Lal Khattar,"May 05, 1954",12:00:00,"Maham, Rohtak",https://www.astrosage.com/celebrity-horoscope/manohar-lal-khattar-horoscope.asp,Dirty Data,Unknown
Anandiben Patel,"November 21, 1941",12:00:00,"Kharod, Mehsana",https://www.astrosage.com/celebrity-horoscope/anandiben-patel-horoscope.asp,Dirty Data,Unknown
Nitish Kumar,"March 01, 1951",13:20:00,Bhaktiarpur,https://www.astrosage.com/celebrity-horoscope/nitish-kumar-horoscope.asp,Accurate,Suggested/Informed-A
Tarun Gogoi,"April 01, 1936",12:00:00,Rangajan Jorhat,https://www.astrosage.com/celebrity-horoscope/tarun-gogoi-horoscope.asp,Dirty Data,Unknown
Nabam Tuki,"July 07, 1964",12:00:00,Ompuli Sagalee,https://www.astrosage.com/celebrity-horoscope/nabam-tuki-horoscope.asp,Dirty Data,Unknown
N. Chandrababu Naidu,"April 27, 1951",06:30:00,Hyderabad,https://www.astrosage.com/celebrity-horoscope/n-chandrababu-naidu-horoscope.asp,Accurate,Kundli Sangraha (Bhat)
Praful Patel,"February 17, 1957",12:00:00,Calcutta,https://www.astrosage.com/celebrity-horoscope/praful-patel-horoscope.asp,Dirty Data,Unknown
Khaleda Zia,"August 15, 1945",12:00:00,Dinajpur,https://www.astrosage.com/celebrity-horoscope/khaleda-zia-horoscope.asp,Dirty Data,Unknown
Suresh Prabhakar Prabhu,"July 11, 1953",12:00:00,Mumbai,https://www.astrosage.com/celebrity-horoscope/suresh-prabhakar-prabhu-horoscope.asp,Dirty Data,Unknown
Laxmikant Parsekar,"July 04, 1956",12:00:00,Goa,https://www.astrosage.com/celebrity-horoscope/laxmikant-parsekar-horoscope.asp,Dirty Data,Unknown
Devendra Fadnavis,"July 22, 1970",12:00:00,Nagpur,https://www.astrosage.com/celebrity-horoscope/devendra-fadnavis-horoscope.asp,Dirty Data,Unknown
V S Achuthanandan,"October 20, 1923",12:00:00,Alappuzha,https://www.astrosage.com/celebrity-horoscope/v-s-achuthanandan-horoscope.asp,Dirty Data,Unknown
Eisenhower,"October 14, 1890",17:15:00,Denison America,https://www.astrosage.com/celebrity-horoscope/eisenhower-horoscope.asp,Reference,Lagna Phal (Garg)
John Dean,"October 14, 1938",14:55:00,"81 W 31, 41 N 4",https://www.astrosage.com/celebrity-horoscope/john-dean-horoscope.asp,Reference,Internet
Lakshmi Panabaka,"October 06, 1958",12:00:00,Nellore,https://www.astrosage.com/celebrity-horoscope/lakshmi-panabaka-horoscope.asp,Dirty Data,Unknown
Om Prakash Chautala,"September 30, 1935",04:48:00,Abohar,https://www.astrosage.com/celebrity-horoscope/om-prakash-chautala-horoscope.asp,Reference,765 Notable Horoscopes
Sriprakash Jaiswal,"September 25, 1944",12:00:00,Kanpur,https://www.astrosage.com/celebrity-horoscope/sriprakash-jaiswal-horoscope.asp,Dirty Data,Unknown
Brian C. Cook,"August 23, 1939",15:15:00,"88 W 0, 44 N 31",https://www.astrosage.com/celebrity-horoscope/brian-c-cook-horoscope.asp,Reference,Internet
About Mehul Choksi/ Who is Mehul Choksi ?,"May 5, 1959",12:00:00,Mumbai,https://www.astrosage.com/celebrity-horoscope/mehul-choksi-horoscope.asp,Dirty Data,Dirty Data
Donald Trump,"June 14, 1946",10:54:00,Jamaica,https://www.astrosage.com/celebrity-horoscope/donald-trump-horoscope.asp,Reference,Web
Akash Ambani,"October 23, 1991",00:00:00,Mumbai,https://www.astrosage.com/celebrity-horoscope/akash-ambani-horoscope.asp,Reference,Internet
Hugh Hefner,"April 09, 1926",16:20:00,Chicago,https://www.astrosage.com/celebrity-horoscope/hugh-hefner-horoscope.asp,Reference,Web
J. Paul Getty,"December 15, 1892",08:43:00,Minneapolis MN,https://www.astrosage.com/celebrity-horoscope/j-paul-getty-horoscope.asp,Reference,Web
Vijay Mallya,"December 18, 1955",11:30:00,Bantwal,https://www.astrosage.com/celebrity-horoscope/vijay-mallya-horoscope.asp,Dirty Data,Unknown
Bill Gates,"October 28, 1955",20:58:00,Seattle,https://www.astrosage.com/celebrity-horoscope/bill-gates-horoscope.asp,Reference,Astrology of Professions (Pathak)
Anil Ambani,"June 04, 1959",22:30:00,Mumbai,https://www.astrosage.com/celebrity-horoscope/anil-ambani-horoscope.asp,Reference,Lagna Phal (Garg)
Mukesh Ambani,"April 19, 1957",19:53:00,Aden Berek,https://www.astrosage.com/celebrity-horoscope/mukesh-ambani-horoscope.asp,Reference,Astrology of Professions (Pathak)
Ratan Tata,"December 28, 1937",06:30:00,Mumbai,https://www.astrosage.com/celebrity-horoscope/ratan-tata-horoscope.asp,Reference,Astrology of Professions (Pathak)
Jerry Jones,"October 13, 1942",04:58:59,"118 W 14, 34 N 3",https://www.astrosage.com/celebrity-horoscope/jerry-jones-horoscope.asp,Dirty Data,Unknown
Gautam Adani,"June 24, 1962",12:00:00,Ahmedabad,https://www.astrosage.com/celebrity-horoscope/gautam-adani-horoscope.asp,Dirty Data,Unknown
Kushal Pal Singh,"August 15, 1931",12:00:00,Bulandshahr,https://www.astrosage.com/celebrity-horoscope/kushal-pal-singh-horoscope.asp,Dirty Data,Unknown
Subhash Chandra,"November 30, 1950",12:00:00,Hissar,https://www.astrosage.com/celebrity-horoscope/subhash-chandra-horoscope.asp,Dirty Data,Unknown
Andrew Carnegie,"November 25, 1835",06:00:00,"3 W 29, 56 N 3",https://www.astrosage.com/celebrity-horoscope/andrew-carnegie-horoscope.asp,Reference,Internet
Naresh Goyal,"July 29, 1950",12:00:00,New york,https://www.astrosage.com/celebrity-horoscope/naresh-goyal-horoscope.asp,Dirty Data,Unknown
Anand Mahindra,"May 01, 1955",12:00:00,Mumbai,https://www.astrosage.com/celebrity-horoscope/anand-mahindra-horoscope.asp,Dirty Data,Unknown
Christopher Kennedy,"July 04, 1963",18:48:00,"71 W 4, 42 N 21",https://www.astrosage.com/celebrity-horoscope/christopher-kennedy-horoscope.asp,Reference,Internet
Elizabeth Arden,"December 31, 1878",11:19:59,"79 W 35, 43 N 46",https://www.astrosage.com/celebrity-horoscope/elizabeth-arden-horoscope.asp,Reference,Internet
Marilyn Brooks,"November 13, 1932",18:35:00,"75 W 54, 42 N 4",https://www.astrosage.com/celebrity-horoscope/marilyn-brooks-horoscope.asp,Reference,Internet
J. R. D. Tata,"July 29, 1904",13:29:39,Paris,https://www.astrosage.com/celebrity-horoscope/j-r-d-tata-horoscope.asp,Reference,Astrology of Professions (Pathak)
Byrraju Ramalinga Raju,"September 16, 1954",11:19:00,Bhimavaram,https://www.astrosage.com/celebrity-horoscope/byrraju-ramalinga-raju-horoscope.asp,Reference,Finance And Profession (Raj Kumar)
Mohan Singh Oberoi-1,"August 15, 1898",23:55:00,Jhelum,https://www.astrosage.com/celebrity-horoscope/mohan-singh-oberoi-1-horoscope.asp,Reference,765 Notable Horoscopes
S. L. Kirloskar,"June 28, 1903",06:30:00,Pune,https://www.astrosage.com/celebrity-horoscope/s-l-kirloskar-horoscope.asp,Reference,765 Notable Horoscopes
O. P. Jindal,"August 07, 1930",08:36:00,Hissar,https://www.astrosage.com/celebrity-horoscope/o-p-jindal-horoscope.asp,Reference,765 Notable Horoscopes
Juan March,"October 04, 1880",16:00:00,"3 E 0, 39 N 35",https://www.astrosage.com/celebrity-horoscope/juan-march-horoscope.asp,,Unknown
Ramkrishna Dalmia,"April 07, 1893",11:09:23,Chirawa,https://www.astrosage.com/celebrity-horoscope/ramkrishna-dalmia-horoscope.asp,Reference,Astrology of Professions (Pathak)
Kumar Mangalam Birla,"June 14, 1967",08:45:00,Calcutta,https://www.astrosage.com/celebrity-horoscope/kumar-mangalam-birla-horoscope.asp,Reference,Astrology of Professions (Pathak)
Krishna Kumar Birla,"November 11, 1918",07:13:00,Pilani,https://www.astrosage.com/celebrity-horoscope/krishna-kumar-birla-horoscope.asp,Reference,765 Notable Horoscopes
Ghanshyam Das Birla,"April 14, 1894",03:21:36,Pilani,https://www.astrosage.com/celebrity-horoscope/ghanshyam-das-birla-horoscope.asp,Reference,Astrology of Professions (Pathak)
Rahul Bajaj,"June 10, 1938",04:46:41,Calcutta,https://www.astrosage.com/celebrity-horoscope/rahul-bajaj-horoscope.asp,Reference,Astrology of Professions (Pathak)
Jamnalal Bajaj,"November 04, 1889",08:29:19,Sikar,https://www.astrosage.com/celebrity-horoscope/jamnalal-bajaj-horoscope.asp,Reference,Astrology of Professions (Pathak)
Dhirubhai Ambani,"December 28, 1932",06:37:00,Veraval,https://www.astrosage.com/celebrity-horoscope/dhirubhai-ambani-horoscope.asp,Reference,Astrology of Professions (Pathak)
Charles Percy,"September 27, 1919",03:39:59,"87 W 12, 30 N 25",https://www.astrosage.com/celebrity-horoscope/charles-percy-horoscope.asp,Reference,Internet
Joseph Patrick Ii Kennedy,"September 24, 1952",12:15:00,"71 W 7, 42 N 21",https://www.astrosage.com/celebrity-horoscope/joseph-patrick-ii-kennedy-horoscope.asp,Reference,Internet
Howard Hughes,"September 24, 1905",22:12:00,"95 W 21, 29 N 46",https://www.astrosage.com/celebrity-horoscope/howard-hughes-horoscope.asp,Reference,Web
Hiroshi Yamauchi,"November 07, 1927",12:00:00,Kyoto,https://www.astrosage.com/celebrity-horoscope/hiroshi-yamauchi-horoscope.asp,Dirty Data,Unknown
Raj Kundra,"September 09, 1975",12:00:00,London,https://www.astrosage.com/celebrity-horoscope/raj-kundra-horoscope.asp,Dirty Data,Unknown
Lawrence Walsh,"September 08, 1926",20:14:59,"118 W 14, 33 N 57",https://www.astrosage.com/celebrity-horoscope/lawrence-walsh-horoscope.asp,Dirty Data,Unknown
Michael Jackson,"August 29, 1958",05:30:00,Gary,https://www.astrosage.com/celebrity-horoscope/michael-jackson-horoscope.asp,Accurate,Kundli Sangraha (Tendulkar)
Steve Ballmer,"March 24, 1956",12:00:00,"Detroit, Michigan",https://www.astrosage.com/celebrity-horoscope/steve-ballmer-horoscope.asp,Dirty Data,Unknown
Siddharth Roy Kapur,"August 02, 1974",12:00:00,Mumbai,https://www.astrosage.com/celebrity-horoscope/siddharth-roy-kapur-horoscope.asp,Dirty Data,Unknown
Azim Premji,"July 24, 1945",12:00:00,Bombay,https://www.astrosage.com/celebrity-horoscope/azim-premji-horoscope.asp,Dirty Data,Unknown
Alan Sugar,"March 24, 1947",12:00:00,London,https://www.astrosage.com/celebrity-horoscope/alan-sugar-horoscope.asp,Dirty Data,Unknown
Richard Branson,"July 18, 1950",07:00:00,"0 E 31, 51 N 11",https://www.astrosage.com/celebrity-horoscope/richard-branson-horoscope.asp,Dirty Data,Unknown
Rosa Li,"July 09, 1924",19:10:00,"116 E 56, 36 N 39",https://www.astrosage.com/celebrity-horoscope/rosa-li-horoscope.asp,Dirty Data,Unknown
John D. Rockefeller,"July 08, 1839",21:00:00,New york,https://www.astrosage.com/celebrity-horoscope/john-d-rockefeller-horoscope.asp,Accurate,The Times Select Horoscopes
John Rockefeller,"July 08, 1839",21:00:00,New york,https://www.astrosage.com/celebrity-horoscope/john-rockefeller-horoscope.asp,Reference,Astrology of Professions (Pathak)
Nicky Hilton,"July 06, 1926",08:00:00,"96 W 48, 32 N 46",https://www.astrosage.com/celebrity-horoscope/nicky-hilton-horoscope.asp,Reference,Internet
Laxmanrao Kirloskar,"June 20, 1869",06:31:36,Gurlhosur,https://www.astrosage.com/celebrity-horoscope/laxmanrao-kirloskar-horoscope.asp,Reference,Astrology of Professions (Pathak)
Subrata Roy,"June 10, 1948",12:00:00,Araria,https://www.astrosage.com/celebrity-horoscope/subrata-roy-horoscope.asp,Dirty Data,Unknown
Charles Saatchi,"June 09, 1943",12:00:00,Baghdad,https://www.astrosage.com/celebrity-horoscope/charles-saatchi-horoscope.asp,Dirty Data,Unknown
Shashi Kiran Shetty,"June 04, 1959",12:00:00,Bantwal,https://www.astrosage.com/celebrity-horoscope/shashi-kiran-shetty-horoscope.asp,Dirty Data,Unknown
Mahmoud Abbas,"March 26, 1935",12:00:00,Safed,https://www.astrosage.com/celebrity-horoscope/mahmoud-abbas-horoscope.asp,Dirty Data,Unknown
Ness Wadia,"May 30, 1970",12:00:00,Mumbai,https://www.astrosage.com/celebrity-horoscope/ness-wadia-horoscope.asp,Dirty Data,Unknown
Jay Gould,"May 27, 1836",05:34:59,"74 W 32, 42 N 17",https://www.astrosage.com/celebrity-horoscope/jay-gould-horoscope.asp,Reference,Internet
Sitaram Jaipuria,"May 27, 1926",00:30:00,Jaipur,https://www.astrosage.com/celebrity-horoscope/sitaram-jaipuria-horoscope.asp,Reference,Astrology of Professions (Pathak)
Jugal Kishore Birla,"May 23, 1883",09:57:52,"75 E 32, 28 N 22",https://www.astrosage.com/celebrity-horoscope/jugal-kishore-birla-horoscope.asp,Reference,Astrology of Professions (Pathak)
Ajit Shetty,"May 20, 1946",12:00:00,Nellore,https://www.astrosage.com/celebrity-horoscope/ajit-shetty-horoscope.asp,Dirty Data,Unknown
Frank Lorenzo,"May 19, 1940",13:15:00,"73 W 59, 40 N 46",https://www.astrosage.com/celebrity-horoscope/frank-lorenzo-horoscope.asp,Dirty Data,Unknown
Robert Vadra,"May 18, 1969",12:00:00,Muradabad,https://www.astrosage.com/celebrity-horoscope/robert-vadra-horoscope.asp,,Unknown
Vikram Pandit,"January 14, 1957",12:00:00,Nagpur,https://www.astrosage.com/celebrity-horoscope/vikram-pandit-horoscope.asp,Dirty Data,Unknown
Mary Bell Vincent,"May 17, 1963",08:31:00,"115 W 32, 32 N 46",https://www.astrosage.com/celebrity-horoscope/mary-bell-vincent-horoscope.asp,Reference,Internet
Ravi Ruia,"January 01, 1949",12:00:00,Mumbai,https://www.astrosage.com/celebrity-horoscope/ravi-ruia-horoscope.asp,Dirty Data,Unknown
R. P. Goenka,"March 01, 1930",12:00:00,Calcutta,https://www.astrosage.com/celebrity-horoscope/r-p-goenka-horoscope.asp,Dirty Data,Unknown
Ramnath Goenka,"April 18, 1904",06:05:00,Kashipur,https://www.astrosage.com/celebrity-horoscope/ramnath-goenka-horoscope.asp,Reference,Astrology of Professions (Pathak)
Arthur Murray,"April 04, 1895",08:43:59,"74 W 0, 40 N 42",https://www.astrosage.com/celebrity-horoscope/arthur-murray-horoscope.asp,Reference,Internet
Billy Carter,"March 29, 1937",00:30:00,"84 W 12, 32 N 3",https://www.astrosage.com/celebrity-horoscope/billy-carter-horoscope.asp,Reference,Internet
Jamsetji Tata,"March 03, 1839",15:45:56,Navsari,https://www.astrosage.com/celebrity-horoscope/jamsetji-tata-horoscope.asp,Reference,Astrology of Professions (Pathak)
About Pandit Jasraj/ Who is Pandit Jasraj ?,"January 28, 1930",17:30:00,Hissar,https://www.astrosage.com/celebrity-horoscope/pandit-jasraj-horoscope.asp,Accurate,Kundli Sangraha (Tendulkar)
Billie Eilish,"December 18, 2001",11:30:00,Los Angeles,https://www.astrosage.com/celebrity-horoscope/billie-eilish-horoscope.asp,Reference,Internet
Roshan Prince,"September 12, 1981",12:00:00,Lucknow,https://www.astrosage.com/celebrity-horoscope/roshan-prince-horoscope.asp,Dirty Data,Dirty Data
Michael Pena,"January 13, 1976",12:00:00,Chicago,https://www.astrosage.com/celebrity-horoscope/michael-pena-horoscope.asp,Dirty Data,Dirty Data
Aadhi Hiphop Tamizha,"Febuary 20, 1990",12:00:00,Coimbatore,https://www.astrosage.com/celebrity-horoscope/aadhi-hiphop-tamizha-horoscope.asp,Dirty Data,Dirty Data
Jorja Fox,"July 07, 1968",12:00:00,New york,https://www.astrosage.com/celebrity-horoscope/jorja-fox-horoscope.asp,Dirty Data,Unknown
David Lee Jones,"July 08, 1936",08:15:00,"86 W 15, 41 N 40",https://www.astrosage.com/celebrity-horoscope/david-lee-jones-horoscope.asp,Reference,Internet
Elizabeth Smart,"November 03, 1987",13:03:00,Salt Lake City UT,https://www.astrosage.com/celebrity-horoscope/elizabeth-smart-horoscope.asp,Reference,Web
Peter Green,"October 29, 1946",21:58:59,"0 E 3, 51 N 32",https://www.astrosage.com/celebrity-horoscope/peter-green-horoscope.asp,Reference,Internet
Michael Lewis,"October 10, 1948",16:00:00,"117 W 9, 32 N 42",https://www.astrosage.com/celebrity-horoscope/michael-lewis-horoscope.asp,Reference,Internet
Ustad Bismillah Khan,"March 21, 1913",12:00:00,Dumraon,https://www.astrosage.com/celebrity-horoscope/ustad-bismillah-khan-horoscope.asp,Dirty Data,Unknown
Joe Perry,"September 10, 1950",23:19:59,"71 W 9, 42 N 42",https://www.astrosage.com/celebrity-horoscope/joe-perry-horoscope.asp,Reference,Internet
James Blades,"September 09, 1901",02:00:00,"0 E 15, 52 N 35",https://www.astrosage.com/celebrity-horoscope/james-blades-horoscope.asp,Reference,Internet
John Stewart,"September 05, 1939",00:32:00,"117 W 9, 32 N 42",https://www.astrosage.com/celebrity-horoscope/john-stewart-horoscope.asp,Reference,Internet
Son Stewart,"September 05, 1994",21:30:00,"0 E 10, 51 N 29",https://www.astrosage.com/celebrity-horoscope/son-stewart-horoscope.asp,Reference,Internet
Daler Mehndi,"August 18, 1967",12:00:00,Patna,https://www.astrosage.com/celebrity-horoscope/daler-mehndi-horoscope.asp,Dirty Data,Unknown
Don Ho,"August 13, 1930",01:00:00,"157 W 52, 21 N 19",https://www.astrosage.com/celebrity-horoscope/don-ho-horoscope.asp,Reference,Internet
Ravindra Jain,"February 28, 1944",12:00:00,Aligarh,https://www.astrosage.com/celebrity-horoscope/ravindra-jain-horoscope.asp,Dirty Data,Unknown
Ustad Ghulam Mustafa Khan,"March 03, 1931",12:00:00,Budaun,https://www.astrosage.com/celebrity-horoscope/ustad-ghulam-mustafa-khan-horoscope.asp,Dirty Data,Unknown
Jerry Garcia,"August 01, 1942",12:05:00,"122 W 25, 37 N 46",https://www.astrosage.com/celebrity-horoscope/jerry-garcia-horoscope.asp,Reference,Internet
Bill Berry,"July 31, 1958",14:36:59,"92 W 6, 46 N 46",https://www.astrosage.com/celebrity-horoscope/bill-berry-horoscope.asp,Reference,Internet
Stephen Foster,"July 04, 1826",12:30:00,"79 W 59, 40 N 25",https://www.astrosage.com/celebrity-horoscope/stephen-foster-horoscope.asp,Reference,Internet
Brian Wilson,"June 20, 1942",03:45:00,"118 W 20, 33 N 57",https://www.astrosage.com/celebrity-horoscope/brian-wilson-horoscope.asp,Reference,Internet
Benjamin Franklin,"January 17, 1706",10:30:00,"71 W 3, 42 N 21",https://www.astrosage.com/celebrity-horoscope/benjamin-franklin-horoscope.asp,Reference,Internet
Thomas Clarke,"January 10, 1941",08:30:00,"4 W 1, 55 N 52",https://www.astrosage.com/celebrity-horoscope/thomas-clarke-horoscope.asp,Reference,Internet
Jimmy Page,"January 09, 1944",04:00:00,"0 E 22, 51 N 28",https://www.astrosage.com/celebrity-horoscope/jimmy-page-horoscope.asp,Reference,Internet
Malcolm Young,"January 06, 1953",14:05:00,"4 W 15, 55 N 53",https://www.astrosage.com/celebrity-horoscope/malcolm-young-horoscope.asp,Reference,Internet
Jerry Grant,"December 31, 1936",23:50:00,"83 W 3, 42 N 20",https://www.astrosage.com/celebrity-horoscope/jerry-grant-horoscope.asp,Reference,Internet
Edgar Winter,"December 28, 1946",19:35:00,"94 W 6, 30 N 5",https://www.astrosage.com/celebrity-horoscope/edgar-winter-horoscope.asp,Reference,Internet
Maurice White,"December 19, 1941",08:27:59,"90 W 3, 35 N 7",https://www.astrosage.com/celebrity-horoscope/maurice-white-horoscope.asp,Reference,Internet
Keith Richards,"December 18, 1943",06:00:00,"0 E 14, 51 N 27",https://www.astrosage.com/celebrity-horoscope/keith-richards-horoscope.asp,Reference,Internet
Mike Mills,"December 17, 1958",10:34:59,"117 W 51, 33 N 46",https://www.astrosage.com/celebrity-horoscope/mike-mills-horoscope.asp,Reference,Internet
Sam Most,"December 16, 1930",04:00:00,"74 W 25, 39 N 21",https://www.astrosage.com/celebrity-horoscope/sam-most-horoscope.asp,Reference,Internet
Brenda Lee,"December 11, 1944",15:24:00,"84 W 20, 33 N 46",https://www.astrosage.com/celebrity-horoscope/brenda-lee-horoscope.asp,Reference,Internet
Gene Allen,"December 05, 1928",20:00:00,"87 W 29, 41 N 38",https://www.astrosage.com/celebrity-horoscope/gene-allen-horoscope.asp,Reference,Internet
Dennis Wilson,"December 04, 1944",22:55:59,"118 W 15, 34 N 3",https://www.astrosage.com/celebrity-horoscope/dennis-wilson-horoscope.asp,Reference,Internet
David Troy,"December 04, 1951",11:30:00,"73 W 54, 40 N 50",https://www.astrosage.com/celebrity-horoscope/david-troy-horoscope.asp,Reference,Internet
Dick Clark,"November 30, 1929",04:50:00,Bronxville,https://www.astrosage.com/celebrity-horoscope/dick-clark-horoscope.asp,Reference,Web
Jeff Buckley,"November 17, 1966",10:40:00,"118 W 14, 34 N 3",https://www.astrosage.com/celebrity-horoscope/jeff-buckley-horoscope.asp,Reference,Internet
William Anderson,"November 13, 1947",07:41:00,"104 W 31, 33 N 22",https://www.astrosage.com/celebrity-horoscope/william-anderson-horoscope.asp,Reference,Internet
About Lata Mangeshkar-1/ Who is Lata Mangeshkar-1 ?,"September 28, 1929",22:40:00,Indore,https://www.astrosage.com/celebrity-horoscope/lata-mangeshkar-1-horoscope.asp,Reference,765 Notable Horoscopes
About Lata Mangeshkar/ Who is Lata Mangeshkar ?,"September 28, 1929",23:51:00,Indore,https://www.astrosage.com/celebrity-horoscope/lata-mangeshkar-horoscope.asp,Accurate,Kundli Sangraha (Tendulkar)
About Jagadguru Sri Rambhadracharya Ji/ Who is Jagadguru Sri Rambhadracharya Ji ?,"January 14, 1950",22:35:00,Jaunpur,https://www.astrosage.com/celebrity-horoscope/jagadguru-sri-rambhadracharya-ji-horoscope.asp,Reference,Internet
Lea Michele,"August 29, 1986",12:00:00,New york,https://www.astrosage.com/celebrity-horoscope/lea-michele-horoscope.asp,Dirty Data,Dirty Data
Nicki Minaj,"December 8, 1982",12:00:00,Port of Spain,https://www.astrosage.com/celebrity-horoscope/nicki-minaj-horoscope.asp,Dirty Data,Dirty Data
Dua Lipa,"August 22, 1995",11:45:00,London,https://www.astrosage.com/celebrity-horoscope/dua-lipa-horoscope.asp,Reference,Internet
Iggy Azalea,"June 7, 1990",12:00:00,Sydney,https://www.astrosage.com/celebrity-horoscope/iggy-azalea-horoscope.asp,Dirty Data,Dirty Data
Ed Sheeran,"Febuary 17, 1991",12:00:00,Halifax,https://www.astrosage.com/celebrity-horoscope/ed-sheeran-horoscope.asp,Dirty Data,Dirty Data
John Legend,"December 28, 1978",08:25:00,Springfield,https://www.astrosage.com/celebrity-horoscope/john-legend-horoscope.asp,Reference,Internet
Lauren Ambrose,"Febuary 20, 1978",12:00:00,New haven,https://www.astrosage.com/celebrity-horoscope/lauren-ambrose-horoscope.asp,Dirty Data,Dirty Data
Trini Alvarado,"January 10, 1967",12:00:00,New york,https://www.astrosage.com/celebrity-horoscope/trini-alvarado-horoscope.asp,Dirty Data,Dirty Data
Candice King,"May 13, 1987",12:00:00,Houston,https://www.astrosage.com/celebrity-horoscope/candice-king-horoscope.asp,Dirty Data,Dirty Data
Elizabeth Allen,"January 25, 1929",12:00:00,New Jersey,https://www.astrosage.com/celebrity-horoscope/elizabeth-allen-horoscope.asp,Dirty Data,Dirty Data
Debbie Allen,"January 16, 1950",21:45:00,Houston,https://www.astrosage.com/celebrity-horoscope/debbie-allen-horoscope.asp,Reference,Internet
Tatyana Ali,"January 24, 1979",12:00:00,New york,https://www.astrosage.com/celebrity-horoscope/tatyana-ali-horoscope.asp,Dirty Data,Dirty Data
Harini,"April 30, 1979",12:00:00,Chennai,https://www.astrosage.com/celebrity-horoscope/harini-horoscope.asp,Dirty Data,Dirty Data
Vijay Antony,"July 24, 1975",12:00:00,Tiruchchirappalli,https://www.astrosage.com/celebrity-horoscope/vijay-antony-horoscope.asp,Dirty Data,Dirty Data
Mahalingam Sasikumar,"September 28, 1974",12:00:00,Madurai,https://www.astrosage.com/celebrity-horoscope/mahalingam-sasikumar-horoscope.asp,Dirty Data,Dirty Data
Yugendran,"December 20, 1976",12:00:00,Chennai,https://www.astrosage.com/celebrity-horoscope/yugendran-horoscope.asp,Dirty Data,Dirty Data
Zubeen Garg,"November 18, 1972",12:00:00,Tura,https://www.astrosage.com/celebrity-horoscope/zubeen-garg-horoscope.asp,Dirty Data,Dirty Data
Piyush Mishra,"January 13, 1963",12:00:00,Gwalior,https://www.astrosage.com/celebrity-horoscope/piyush-mishra-horoscope.asp,Dirty Data,Dirty Data
Lucky Ali,"September 19, 1958",12:00:00,Mumbai,https://www.astrosage.com/celebrity-horoscope/lucky-ali-horoscope.asp,Dirty Data,Dirty Data
Vivek Shauq,"June 21, 1963",12:00:00,Chandigarh,https://www.astrosage.com/celebrity-horoscope/vivek-shauq-horoscope.asp,Dirty Data,Dirty Data
Tarsem Jassar,"July 4, 1986",12:00:00,Amloh,https://www.astrosage.com/celebrity-horoscope/tarsem-jassar-horoscope.asp,Dirty Data,Dirty Data
Jazzy B,"April 1, 1975",12:00:00,Durgapur,https://www.astrosage.com/celebrity-horoscope/jazzy-b-horoscope.asp,Dirty Data,Dirty Data
Jassi Gill,"November 26, 1988",12:00:00,Khanna,https://www.astrosage.com/celebrity-horoscope/jassi-gill-horoscope.asp,Dirty Data,Dirty Data
Jass Bajwa,"June 25, 1988",12:00:00,Chandigarh,https://www.astrosage.com/celebrity-horoscope/jass-bajwa-horoscope.asp,Dirty Data,Dirty Data
Jaggi Singh,"April 1, 1975",12:00:00,Kapurthala,https://www.astrosage.com/celebrity-horoscope/jaggi-singh-horoscope.asp,Dirty Data,Dirty Data
Hardy Sandhu,"September 6, 1986",12:00:00,Patiala,https://www.astrosage.com/celebrity-horoscope/hardy-sandhu-horoscope.asp,Dirty Data,Dirty Data
Khushboo Grewal,"January 16, 1984",12:00:00,Chandigarh,https://www.astrosage.com/celebrity-horoscope/khushboo-grewal-horoscope.asp,Dirty Data,Dirty Data
About Kumar Vishwas/ Who is Kumar Vishwas ?,"Febuary 10, 1970",05:35:00,Pilkhua (Ghaziabad),https://www.astrosage.com/celebrity-horoscope/kumar-vishwas-horoscope.asp,Dirty Data,Unknown
Virginia Woolf,"January 25, 1882",12:15:00,London,https://www.astrosage.com/celebrity-horoscope/virginia-woolf-horoscope.asp,Dirty Data,Dirty Data
Phil Henderson,"June 02, 1961",11:15:00,"87 W 39, 41 N 52",https://www.astrosage.com/celebrity-horoscope/phil-henderson-horoscope.asp,Reference,Internet
Glenn Perry,"July 08, 1949",01:31:00,"73 W 12, 41 N 10",https://www.astrosage.com/celebrity-horoscope/glenn-perry-horoscope.asp,Reference,Internet
Srinivasa Ramanujan,"December 22, 1887",16:25:00,"Erode,  Tamil Nadu",https://www.astrosage.com/celebrity-horoscope/srinivasa-ramanujan-horoscope.asp,Dirty Data,Unknown
Bob Bridges,"November 03, 1950",08:00:00,"93 W 15, 44 N 59",https://www.astrosage.com/celebrity-horoscope/bob-bridges-horoscope.asp,Dirty Data,Unknown
Arthur Young,"November 03, 1905",10:23:00,"2 E 20, 48 N 52",https://www.astrosage.com/celebrity-horoscope/arthur-young-horoscope.asp,Dirty Data,Unknown
Dylan Thomas,"October 27, 1914",20:55:59,"3 W 56, 51 N 38",https://www.astrosage.com/celebrity-horoscope/dylan-thomas-horoscope.asp,Reference,Internet
Sylvia Plath,"October 27, 1932",14:10:00,Boston,https://www.astrosage.com/celebrity-horoscope/sylvia-plath-horoscope.asp,Reference,Web
Arthur Rimbaud,"October 20, 1854",06:00:00,Charleville,https://www.astrosage.com/celebrity-horoscope/arthur-rimbaud-horoscope.asp,Reference,Web
Chris Carter,"October 13, 1956",21:51:00,"118 W 12, 33 N 53",https://www.astrosage.com/celebrity-horoscope/chris-carter-horoscope.asp,Dirty Data,Unknown
Samuel Johnson,"September 29, 1709",15:52:59,"1 W 48, 52 N 42",https://www.astrosage.com/celebrity-horoscope/samuel-johnson-horoscope.asp,Dirty Data,Unknown
Tracy Marks,"September 26, 1950",12:35:59,"80 W 7, 25 N 46",https://www.astrosage.com/celebrity-horoscope/tracy-marks-horoscope.asp,Reference,Internet
D. H. Lawrence,"September 11, 1885",09:45:00,Eastwood,https://www.astrosage.com/celebrity-horoscope/d-h-lawrence-horoscope.asp,Accurate,The Times Select Horoscopes
Hamid Gul,"November 20, 1936",12:00:00,Sargodha,https://www.astrosage.com/celebrity-horoscope/hamid-gul-horoscope.asp,Dirty Data,Unknown
Ben Logan,"September 09, 1920",17:00:00,"90 W 51, 43 N 14",https://www.astrosage.com/celebrity-horoscope/ben-logan-horoscope.asp,Reference,Internet
James Hilton,"September 09, 1900",02:10:00,"2 W 33, 53 N 29",https://www.astrosage.com/celebrity-horoscope/james-hilton-horoscope.asp,Reference,Internet
Naura Hayden,"September 29, 1930",12:00:00,Los angeles,https://www.astrosage.com/celebrity-horoscope/naura-hayden-horoscope.asp,Dirty Data,Unknown
John Cage,"September 05, 1912",05:00:00,"118 W 15, 34 N 3",https://www.astrosage.com/celebrity-horoscope/john-cage-horoscope.asp,Reference,Internet
Ranjit Sinha,"March 27, 1953",12:00:00,Jamshedpur,https://www.astrosage.com/celebrity-horoscope/ranjit-sinha-horoscope.asp,Dirty Data,Unknown
H. L. Dattu,"December 03, 1950",12:00:00,"Handyala, Karnataka",https://www.astrosage.com/celebrity-horoscope/h-l-dattu-horoscope.asp,Dirty Data,Unknown
P. Sathasivam,"April 27, 1949",12:00:00,Erode,https://www.astrosage.com/celebrity-horoscope/p-sathasivam-horoscope.asp,Dirty Data,Unknown
John J. Anthony,"September 01, 1902",14:00:00,"74 W 0, 40 N 42",https://www.astrosage.com/celebrity-horoscope/john-j-anthony-horoscope.asp,Reference,Internet
Madhu Kishwar,"January 01, 1951",12:00:00,Delhi,https://www.astrosage.com/celebrity-horoscope/madhu-kishwar-horoscope.asp,Dirty Data,Unknown
Sanjiv Bhatt,"December 21, 1963",12:00:00,Mumbai,https://www.astrosage.com/celebrity-horoscope/sanjiv-bhatt-horoscope.asp,Dirty Data,Unknown
Teesta Setalvad,"February 09, 1962",12:00:00,Mumbai,https://www.astrosage.com/celebrity-horoscope/teesta-setalvad-horoscope.asp,Dirty Data,Unknown
Robert Anthony Stone,"August 21, 1937",02:31:59,"73 W 56, 40 N 38",https://www.astrosage.com/celebrity-horoscope/robert-anthony-stone-horoscope.asp,Reference,Internet
Charles Bukowski,"August 16, 1920",10:00:00,"7 E 24, 50 N 25",https://www.astrosage.com/celebrity-horoscope/charles-bukowski-horoscope.asp,Reference,Internet
Fali Sam Nariman,"January 10, 1929",12:00:00,Yangon,https://www.astrosage.com/celebrity-horoscope/fali-sam-nariman-horoscope.asp,Dirty Data,Unknown
Russell Baker,"August 14, 1925",23:50:00,"77 W 37, 39 N 15",https://www.astrosage.com/celebrity-horoscope/russell-baker-horoscope.asp,Reference,Internet
Lee Adams,"August 14, 1924",16:23:00,"82 W 29, 40 N 45",https://www.astrosage.com/celebrity-horoscope/lee-adams-horoscope.asp,Reference,Internet
Steve Brown,"August 13, 1938",07:15:00,"93 W 37, 41 N 35",https://www.astrosage.com/celebrity-horoscope/steve-brown-horoscope.asp,Reference,Internet
Anthony West,"August 05, 1914",00:05:00,"0 E 30, 52 N 57",https://www.astrosage.com/celebrity-horoscope/anthony-west-horoscope.asp,Reference,Internet
John Mcdonald,"July 24, 1916",20:05:00,"80 W 29, 41 N 13",https://www.astrosage.com/celebrity-horoscope/john-mcdonald-horoscope.asp,Reference,Internet
Travis Best,"July 12, 1972",17:25:00,"72 W 34, 42 N 6",https://www.astrosage.com/celebrity-horoscope/travis-best-horoscope.asp,Reference,Internet
Michael Blake,"July 05, 1945",19:37:00,"78 W 51, 35 N 3",https://www.astrosage.com/celebrity-horoscope/michael-blake-horoscope.asp,Reference,Internet
Art Bell,"June 17, 1945",12:23:00,"77 W 20, 34 N 39",https://www.astrosage.com/celebrity-horoscope/art-bell-horoscope.asp,Reference,Internet
Helen Gurley Brown,"February 18, 1922",03:00:00,"93 W 26, 36 N 20",https://www.astrosage.com/celebrity-horoscope/helen-gurley-brown-horoscope.asp,Reference,Internet
Carter Cooper,"January 27, 1965",18:07:00,"74 W 0, 40 N 42",https://www.astrosage.com/celebrity-horoscope/carter-cooper-horoscope.asp,Reference,Internet
Robert Burns,"January 25, 1759",07:00:00,"4 W 37, 55 N 29",https://www.astrosage.com/celebrity-horoscope/robert-burns-horoscope.asp,Reference,Internet
Robert Schwartz,"January 18, 1920",09:00:00,"80 W 51, 40 N 53",https://www.astrosage.com/celebrity-horoscope/robert-schwartz-horoscope.asp,Reference,Internet
Diane Williams,"January 13, 1947",16:37:59,"110 W 54, 32 N 13",https://www.astrosage.com/celebrity-horoscope/diane-williams-horoscope.asp,Reference,Internet
Simone De Beauvoir,"January 09, 1908",04:00:00,Paris,https://www.astrosage.com/celebrity-horoscope/simone-de-beauvoir-horoscope.asp,Reference,Web
Guru Gobind Singh,"December 23, 1666",01:20:00,Patna,https://www.astrosage.com/celebrity-horoscope/guru-gobind-singh-horoscope.asp,Reference,765 Notable Horoscopes
Robert Duncan,"January 07, 1919",07:25:00,"122 W 15, 37 N 49",https://www.astrosage.com/celebrity-horoscope/robert-duncan-horoscope.asp,Reference,Internet
Alan Watts,"January 06, 1915",06:20:00,"0 E 4, 51 N 25",https://www.astrosage.com/celebrity-horoscope/alan-watts-horoscope.asp,Reference,Internet
J.r.r. Tolkien,"January 03, 1892",21:00:00,"26 E 7, 29 S 12",https://www.astrosage.com/celebrity-horoscope/jrr-tolkien-horoscope.asp,Reference,Internet
Alexander Smith,"December 31, 1829",23:58:59,"4 W 29, 55 N 35",https://www.astrosage.com/celebrity-horoscope/alexander-smith-horoscope.asp,Reference,Internet
John J. Stanley,"December 26, 1933",14:00:00,"81 W 40, 41 N 28",https://www.astrosage.com/celebrity-horoscope/john-j-stanley-horoscope.asp,Reference,Internet
About Steve Allen / Steve Allen Biography,"December 26, 1921",07:00:00,"74 W 0, 40 N 42",https://www.astrosage.com/celebrity-horoscope/henry-miller-horoscope.asp,Reference,Internet
Albert Einstein,"March 14, 1879",11:30:00,Ulm,https://www.astrosage.com/celebrity-horoscope/albert-einstein-horoscope.asp,Reference,765 Notable Horoscopes
Subhash Khot,"June 10, 1978",12:00:00,India,https://www.astrosage.com/celebrity-horoscope/subhash-khot-horoscope.asp,Dirty Data,Unknown
John Lilly,"January 06, 1915",07:29:59,"93 W 6, 44 N 57",https://www.astrosage.com/celebrity-horoscope/john-lilly-horoscope.asp,Reference,Internet
Kenneth Ring,"December 13, 1935",06:23:00,"122 W 25, 37 N 46",https://www.astrosage.com/celebrity-horoscope/kenneth-ring-horoscope.asp,Reference,Internet
John H. Nelson,"December 10, 1903",05:29:59,"70 W 40, 42 N 36",https://www.astrosage.com/celebrity-horoscope/john-h-nelson-horoscope.asp,Reference,Internet
Alexander Graham Bell,"March 03, 1847",07:00:00,"3 W 12, 55 N 57",https://www.astrosage.com/celebrity-horoscope/alexander-graham-bell-horoscope.asp,Accurate,The Times Select Horoscopes
Pranav Mistry,"May 14, 1981",12:00:00,Palanpur,https://www.astrosage.com/celebrity-horoscope/pranav-mistry-horoscope.asp,Dirty Data,Unknown
John G. Bennett,"June 08, 1897",08:00:00,"0 E 10, 51 N 29",https://www.astrosage.com/celebrity-horoscope/john-g-bennett-horoscope.asp,,Unknown
Paul Ehrlich,"May 29, 1932",22:18:00,Philadelphia PA,https://www.astrosage.com/celebrity-horoscope/paul-ehrlich-horoscope.asp,,Web
Guglielmo Marconi,"April 25, 1874",09:15:00,Bologna,https://www.astrosage.com/celebrity-horoscope/guglielmo-marconi-horoscope.asp,,Web
John Bartholomew,"March 22, 1860",13:30:00,Edinburgh,https://www.astrosage.com/celebrity-horoscope/john-bartholomew-horoscope.asp,Reference,Web
Percival Lowell,"March 13, 1855",07:45:00,Boston,https://www.astrosage.com/celebrity-horoscope/percival-lowell-horoscope.asp,Reference,Web
Newton,"December 25, 1642",02:00:00,England,https://www.astrosage.com/celebrity-horoscope/newton-horoscope.asp,Reference,Lagna Phal (Garg)
Floyd Taylor,"June 05, 1923",20:00:00,"71 W 4, 42 N 21",https://www.astrosage.com/celebrity-horoscope/floyd-taylor-horoscope.asp,,Unknown
